LGA_CODE_2016,LGA_NAME_2016,EnergyType,Capacity
40070,Adelaide (C),a,0
40120,Adelaide Hills (DC),a,0
50080,Albany (C),a,94131
10050,Albury (C),a,33250
40220,Alexandrina (DC),a,103340
70200,Alice Springs (T),a,2566
20110,Alpine (S),a,62134
40250,Anangu Pitjantjatjara (AC),a,18
20260,Ararat (RC),a,89962
50210,Armadale (C),a,73196
10130,Armidale Regional (A),a,89668
50250,Ashburton (S),a,60846
50280,Augusta-Margaret River (S),a,59958
30250,Aurukun (S),a,6006
20570,Ballarat (C),a,78582
10250,Ballina (A),a,92189
30300,Balonne (S),a,55218
10300,Balranald (A),a,30861
30370,Banana (S),a,127553
20660,Banyule (C),a,3745
30410,Barcaldine (R),a,35408
30450,Barcoo (S),a,5866
70420,Barkly (R),a,1430
40310,Barossa (DC),a,145254
40430,Barunga West (DC),a,29121
20740,Bass Coast (S),a,80319
50350,Bassendean (T),a,0
10470,Bathurst Regional (A),a,150866
20830,Baw Baw (S),a,218863
20910,Bayside (C),a,0
50420,Bayswater (C),a,0
10550,Bega Valley (A),a,124807
10600,Bellingen (A),a,65571
50490,Belmont (C),a,0
70540,Belyuen (S),a,201
40520,Berri and Barmera (DC),a,80158
10650,Berrigan (A),a,73191
50560,Beverley (S),a,34577
30760,Blackall-Tambo (R),a,25537
10750,Blacktown (C),a,58177
10800,Bland (A),a,102189
10850,Blayney (A),a,45147
10900,Blue Mountains (C),a,288466
50630,Boddington (S),a,24962
10950,Bogan (A),a,26324
21110,Boroondara (C),a,0
11100,Botany Bay (C),a,43
30900,Boulia (S),a,3895
11150,Bourke (A),a,29529
50770,Boyup Brook (S),a,37137
60210,Break O'Day (M),a,20041
11200,Brewarrina (A),a,18293
60410,Brighton (M),a,32823
21180,Brimbank (C),a,8354
31000,Brisbane (C),a,64046
11250,Broken Hill (C),a,1438
50910,Brookton (S),a,27153
50980,Broome (S),a,4740
51080,Broomehill-Tambellup (S),a,33408
51120,Bruce Rock (S),a,24151
31750,Bulloo (S),a,4208
21270,Buloke (S),a,110257
51190,Bunbury (C),a,7368
31820,Bundaberg (R),a,325463
31900,Burdekin (S),a,83346
31950,Burke (S),a,1030
60610,Burnie (C),a,25375
40700,Burnside (C),a,23
11300,Burwood (A),a,0
51260,Busselton (C),a,66838
11350,Byron (A),a,82455
11400,Cabonne (A),a,122139
32080,Cairns (R),a,66061
51310,Cambridge (T),a,0
11450,Camden (A),a,156590
21370,Campaspe (S),a,240857
11500,Campbelltown (C) (NSW),a,38792
40910,Campbelltown (C) (SA),a,38792
11520,Canada Bay (A),a,0
51330,Canning (C),a,11834
11570,Canterbury-Bankstown (A),a,251
51400,Capel (S),a,47306
21450,Cardinia (S),a,249276
51470,Carnamah (S),a,14989
51540,Carnarvon (S),a,24032
32250,Carpentaria (S),a,7064
11600,Carrathool (A),a,49321
21610,Casey (C),a,146693
32260,Cassowary Coast (R),a,105867
41010,Ceduna (DC),a,15323
11650,Central Coast (C) (NSW),a,198502
60810,Central Coast (M) (Tas.),a,66521
11700,Central Darling (A),a,26802
70620,Central Desert (R),a,550
21670,Central Goldfields (S),a,64573
61010,Central Highlands (M) (Tas.),a,7699
32270,Central Highlands (R) (Qld),a,122282
11720,Cessnock (C),a,120017
41060,Charles Sturt (C),a,0
32310,Charters Towers (R),a,63283
32330,Cherbourg (S),a,8766
51680,Chittering (S),a,51385
61210,Circular Head (M),a,56321
41140,Clare and Gilbert Valleys (DC),a,105796
51750,Claremont (T),a,0
61410,Clarence (C),a,23544
11730,Clarence Valley (A),a,179097
41190,Cleve (DC),a,36318
32450,Cloncurry (S),a,21090
11750,Cobar (A),a,25060
51820,Cockburn (C),a,49134
11800,Coffs Harbour (C),a,135212
21750,Colac-Otway (S),a,128239
51890,Collie (S),a,41073
41330,Coober Pedy (DC),a,0
32500,Cook (S),a,11247
12000,Coolamon (A),a,56660
51960,Coolgardie (S),a,9459
70700,Coomalie (S),a,475
12150,Coonamble (A),a,56515
52030,Coorow (S),a,15890
41560,Copper Coast (DC),a,39283
21830,Corangamite (S),a,197085
52100,Corrigin (S),a,24967
52170,Cottesloe (T),a,0
12350,Cowra (A),a,79538
32600,Croydon (S),a,1555
52310,Cuballing (S),a,21942
52380,Cue (S),a,3455
12380,Cumberland (A),a,29
52450,Cunderdin (S),a,22563
52520,Dalwallinu (S),a,28853
52590,Dandaragan (S),a,38794
52660,Dardanup (S),a,40380
21890,Darebin (C),a,0
71000,Darwin (C),a,1345
52730,Denmark (S),a,45027
52800,Derby-West Kimberley (S),a,2880
61510,Derwent Valley (M),a,37150
61610,Devonport (C),a,46981
32750,Diamantina (S),a,2723
52870,Donnybrook-Balingup (S),a,49903
32770,Doomadgee (S),a,2363
61810,Dorset (M),a,49765
32810,Douglas (S),a,4922
52940,Dowerin (S),a,19420
53010,Dumbleyung (S),a,17530
53080,Dundas (S),a,11615
12700,Dungog (A),a,75407
71300,East Arnhem (R),a,7856
53150,East Fremantle (T),a,0
22110,East Gippsland (S),a,168006
53220,East Pilbara (S),a,88710
12730,Edward River (A),a,70763
41750,Elliston (DC),a,18618
53290,Esperance (S),a,104605
33100,Etheridge (S),a,4162
12750,Eurobodalla (A),a,79876
53360,Exmouth (S),a,1501
12850,Fairfield (C),a,48692
12870,Federation (A),a,94831
62010,Flinders (M) (Tas.),a,0
33200,Flinders (S) (Qld),a,22839
41830,Flinders Ranges (DC),a,13636
12900,Forbes (A),a,87414
41960,Franklin Harbour (DC),a,14717
22170,Frankston (C),a,29567
33220,Fraser Coast (R),a,115664
53430,Fremantle (C),a,0
22250,Gannawarra (S),a,110787
42030,Gawler (T),a,25777
62210,George Town (M),a,20178
12930,Georges River (A),a,34403
12950,Gilgandra (A),a,48250
53570,Gingin (S),a,96409
33360,Gladstone (R),a,142863
62410,Glamorgan/Spring Bay (M),a,20495
13010,Glen Innes Severn (A),a,71146
22410,Glenelg (S),a,124283
62610,Glenorchy (C),a,7380
53640,Gnowangerup (S),a,32500
33430,Gold Coast (C),a,164459
22490,Golden Plains (S),a,143723
53710,Goomalling (S),a,10791
33610,Goondiwindi (R),a,100332
53780,Gosnells (C),a,39669
13310,Goulburn Mulwaree (A),a,121969
42110,Goyder (DC),a,95139
42250,Grant (DC),a,76656
22620,Greater Bendigo (C),a,190260
22670,Greater Dandenong (C),a,22811
22750,Greater Geelong (C),a,141160
53800,Greater Geraldton (C),a,96496
13340,Greater Hume Shire (A),a,136788
22830,Greater Shepparton (C),a,254460
13450,Griffith (C),a,141007
13510,Gundagai (A),a,86195
13550,Gunnedah (A),a,90032
13660,Gwydir (A),a,74699
33620,Gympie (R),a,213303
53920,Halls Creek (S),a,1512
53990,Harvey (S),a,75550
13800,Hawkesbury (C),a,359021
13850,Hay (A),a,38544
22910,Hepburn (S),a,94918
13910,Hilltops (A),a,190259
33800,Hinchinbrook (S),a,73744
22980,Hindmarsh (S),a,96978
62810,Hobart (C),a,637
23110,Hobsons Bay (C),a,0
42600,Holdfast Bay (C),a,0
33830,Hope Vale (S),a,2325
14000,Hornsby (A),a,94390
23190,Horsham (RC),a,117565
23270,Hume (C),a,57441
63010,Huon Valley (M),a,90000
23350,Indigo (S),a,91414
14170,Inner West (A),a,0
14200,Inverell (A),a,97049
33960,Ipswich (C),a,105257
54060,Irwin (S),a,18069
33980,Isaac (R),a,146189
54130,Jerramungup (S),a,33563
54170,Joondalup (C),a,418
14300,Junee (A),a,22911
54200,Kalamunda (S),a,56627
54280,Kalgoorlie/Boulder (C),a,8773
42750,Kangaroo Island (DC),a,42373
43080,Karoonda East Murray (DC),a,29295
54310,Karratha (C),a,23321
54340,Katanning (S),a,26484
72200,Katherine (T),a,15000
54410,Kellerberrin (S),a,17116
14350,Kempsey (A),a,118148
54480,Kent (S),a,0
63210,Kentish (M),a,42514
14400,Kiama (A),a,23433
43220,Kimba (DC),a,26660
63410,King Island (M),a,17638
63610,Kingborough (M),a,27841
23430,Kingston (C) (Vic.),a,20522
43360,Kingston (DC) (SA),a,22384
23670,Knox (C),a,14470
54550,Kojonup (S),a,51289
54620,Kondinin (S),a,29920
54690,Koorda (S),a,12893
34420,Kowanyama (S),a,4794
54760,Kulin (S),a,29678
14500,Ku-ring-gai (A),a,30769
54830,Kwinana (C),a,40415
14550,Kyogle (A),a,81588
14600,Lachlan (A),a,96846
54900,Lake Grace (S),a,49515
14650,Lake Macquarie (C),a,62215
14700,Lane Cove (A),a,2485
23810,Latrobe (C) (Vic.),a,100662
63810,Latrobe (M) (Tas.),a,36168
64010,Launceston (C),a,55806
54970,Laverton (S),a,19679
14750,Leeton (A),a,60703
55040,Leonora (S),a,1320
43650,Light (RegC),a,78907
14850,Lismore (C),a,153687
72300,Litchfield (M),a,28084
14870,Lithgow (C),a,55233
14900,Liverpool (C),a,143220
14920,Liverpool Plains (A),a,96061
34530,Livingstone (S),a,82632
14950,Lockhart (A),a,45901
34570,Lockhart River (S),a,2253
34580,Lockyer Valley (R),a,240863
23940,Loddon (S),a,121106
34590,Logan (C),a,89343
34710,Longreach (R),a,35199
43710,Lower Eyre Peninsula (DC),a,61831
43790,Loxton Waikerie (DC),a,141174
72330,MacDonnell (R),a,59
24130,Macedon Ranges (S),a,156823
34770,Mackay (R),a,267834
15050,Maitland (C),a,145293
43920,Mallala (DC),a,126237
55110,Mandurah (C),a,3933
55180,Manjimup (S),a,81251
24210,Manningham (C),a,28978
24250,Mansfield (S),a,62049
34830,Mapoon (S),a,459
44000,Maralinga Tjarutja (AC),a,273
34860,Maranoa (R),a,123412
34880,Mareeba (S),a,127465
24330,Maribyrnong (C),a,0
44060,Marion (C),a,504
24410,Maroondah (C),a,10273
34800,McKinlay (S),a,28286
64210,Meander Valley (M),a,84893
55250,Meekatharra (S),a,0
24600,Melbourne (C),a,0
24650,Melton (C),a,39850
55320,Melville (C),a,0
55390,Menzies (S),a,7404
55460,Merredin (S),a,27593
44210,Mid Murray (DC),a,131536
15240,Mid-Coast (A),a,320003
15270,Mid-Western Regional (A),a,143182
24780,Mildura (RC),a,239604
55530,Mingenew (S),a,13231
44340,Mitcham (C),a,444
24850,Mitchell (S),a,123900
24900,Moira (S),a,199703
24970,Monash (C),a,0
25060,Moonee Valley (C),a,358
55600,Moora (S),a,39899
25150,Moorabool (S),a,116416
55670,Morawa (S),a,20682
15300,Moree Plains (A),a,131468
25250,Moreland (C),a,0
35010,Moreton Bay (R),a,249520
35250,Mornington (S),a,5342
25340,Mornington Peninsula (S),a,244048
15350,Mosman (A),a,0
55740,Mosman Park (T),a,0
25430,Mount Alexander (S),a,85519
44550,Mount Barker (DC),a,120346
44620,Mount Gambier (C),a,3855
35300,Mount Isa (C),a,47940
55810,Mount Magnet (S),a,5150
55880,Mount Marshall (S),a,22247
44830,Mount Remarkable (DC),a,43186
25490,Moyne (S),a,193928
55950,Mukinbudin (S),a,15658
56090,Mundaring (S),a,32483
56160,Murchison (S),a,3617
56230,Murray (S),a,91423
45040,Murray Bridge (RC),a,104194
15520,Murray River (A),a,106788
25620,Murrindindi (S),a,103654
15560,Murrumbidgee (A),a,68647
35600,Murweh (S),a,20449
15650,Muswellbrook (A),a,68533
15700,Nambucca (A),a,55522
56300,Nannup (S),a,22047
35670,Napranum (S),a,1570
45090,Naracoorte and Lucindale (DC),a,99427
56370,Narembeen (S),a,26541
15750,Narrabri (A),a,147188
15800,Narrandera (A),a,51327
56460,Narrogin (S),a,39066
15850,Narromine (A),a,75771
56580,Nedlands (C),a,0
15900,Newcastle (C),a,10224
56620,Ngaanyatjarraku (S),a,11328
25710,Nillumbik (S),a,129600
35740,Noosa (S),a,78364
35760,North Burnett (R),a,127390
15950,North Sydney (A),a,4200
56730,Northam (S),a,55694
56790,Northampton (S),a,26615
45120,Northern Areas (DC),a,64044
15990,Northern Beaches (A),a,167192
25810,Northern Grampians (S),a,93340
64610,Northern Midlands (M),a,80056
35780,Northern Peninsula Area (R),a,0
45290,Norwood Payneham St Peters (C),a,0
56860,Nungarin (S),a,171
16100,Oberon (A),a,37160
45340,Onkaparinga (C),a,89816
16150,Orange (C),a,82681
45400,Orroroo/Carrieton (DC),a,19494
35790,Palm Island (S),a,16330
72800,Palmerston (C),a,91
16200,Parkes (A),a,116392
35800,Paroo (S),a,25406
16260,Parramatta (C),a,29231
16350,Penrith (C),a,212451
56930,Peppermint Grove (S),a,0
57000,Perenjori (S),a,25139
57080,Perth (C),a,0
45540,Peterborough (DC),a,14060
57140,Pingelly (S),a,24528
57210,Plantagenet (S),a,79555
45680,Playford (C),a,344460
36070,Pormpuraaw (S),a,3010
45890,Port Adelaide Enfield (C),a,0
46090,Port Augusta (C),a,272
57280,Port Hedland (T),a,13309
46300,Port Lincoln (C),a,5452
16380,Port Macquarie-Hastings (A),a,105640
25900,Port Phillip (C),a,0
46450,Port Pirie City and Dists (M),a,48497
16400,Port Stephens (A),a,118048
46510,Prospect (C),a,0
25990,Pyrenees (S),a,66846
57350,Quairading (S),a,21711
16490,Queanbeyan-Palerang Regional (A),a,94214
26080,Queenscliffe (B),a,2758
36150,Quilpie (S),a,15668
16550,Randwick (C),a,158
57420,Ravensthorpe (S),a,30215
36250,Redland (C),a,46200
46670,Renmark Paringa (DC),a,63076
36300,Richmond (S),a,12749
16610,Richmond Valley (A),a,108615
46860,Robe (DC),a,9221
16650,Rockdale (C),a,4823
36370,Rockhampton (R),a,194837
57490,Rockingham (C),a,56583
73600,Roper Gulf (R),a,4296
46970,Roxby Downs (M),a,0
16700,Ryde (C),a,73
47140,Salisbury (C),a,150920
57630,Sandstone (S),a,2724
36510,Scenic Rim (R),a,222408
57700,Serpentine-Jarrahdale (S),a,176416
57770,Shark Bay (S),a,2726
16900,Shellharbour (C),a,13122
16950,Shoalhaven (C),a,141504
17000,Singleton (A),a,138907
17040,Snowy Monaro Regional (A),a,113938
17080,Snowy Valleys (A),a,105263
36580,Somerset (R),a,204885
64810,Sorell (M),a,27532
36630,South Burnett (R),a,207022
26170,South Gippsland (S),a,232851
57840,South Perth (C),a,0
36660,Southern Downs (R),a,236351
26260,Southern Grampians (S),a,151881
47290,Southern Mallee (DC),a,50704
65010,Southern Midlands (M),a,45250
57910,Stirling (C),a,0
26350,Stonnington (C),a,0
26430,Strathbogie (S),a,125725
17100,Strathfield (A),a,0
47490,Streaky Bay (DC),a,29639
57980,Subiaco (C),a,0
36720,Sunshine Coast (R),a,412889
26490,Surf Coast (S),a,82878
17150,Sutherland Shire (A),a,301788
58050,Swan (C),a,151329
26610,Swan Hill (RC),a,155902
17200,Sydney (C),a,0
36820,Tablelands (R),a,150931
58190,Tammin (S),a,12929
17310,Tamworth Regional (A),a,276233
65210,Tasman (M),a,20241
47630,Tatiara (DC),a,90815
47700,Tea Tree Gully (C),a,1654
17350,Temora (A),a,68568
17400,Tenterfield (A),a,60534
47800,The Coorong (DC),a,100723
17420,The Hills Shire (A),a,79761
58260,Three Springs (S),a,15424
74050,Tiwi Islands (R),a,2873
58330,Toodyay (S),a,35621
36910,Toowoomba (R),a,505305
36950,Torres (S),a,0
36960,Torres Strait Island (R),a,0
37010,Townsville (C),a,136743
26670,Towong (S),a,62963
58400,Trayning (S),a,12348
47910,Tumby Bay (DC),a,20578
17550,Tweed (A),a,128179
99399,Unincorp. Other Territories,a,606
89399,Unincorporated ACT,a,3198
19399,Unincorporated NSW,a,1397
79399,Unincorporated NT,a,4773
49399,Unincorporated SA,a,3191
29399,Unincorporated Vic,a,7097
47980,Unley (C),a,0
58470,Upper Gascoyne (S),a,0
17620,Upper Hunter Shire (A),a,121056
17640,Upper Lachlan Shire (A),a,99543
17650,Uralla (A),a,52067
48050,Victor Harbor (C),a,20907
74550,Victoria Daly (R),a,2728
58510,Victoria Park (T),a,0
58540,Victoria Plains (S),a,38115
58570,Vincent (C),a,0
74560,Wagait (S),a,414
17750,Wagga Wagga (C),a,166240
58610,Wagin (S),a,33588
48130,Wakefield (DC),a,111471
17850,Walcha (A),a,52399
17900,Walgett (A),a,77092
48260,Walkerville (M),a,0
58680,Wandering (S),a,8938
26700,Wangaratta (RC),a,151364
58760,Wanneroo (C),a,109911
65410,Waratah/Wynyard (M),a,61278
58820,Waroona (S),a,18447
17950,Warren (A),a,29444
26730,Warrnambool (C),a,28569
18020,Warrumbungle Shire (A),a,116761
48340,Wattle Range (DC),a,99886
18050,Waverley (A),a,0
18100,Weddin (A),a,52792
37300,Weipa (T),a,6103
26810,Wellington (S),a,217086
18200,Wentworth (A),a,62978
74660,West Arnhem (R),a,5677
58890,West Arthur (S),a,24577
65610,West Coast (M),a,11974
74680,West Daly (R),a,2841
65810,West Tamar (M),a,35651
48410,West Torrens (C),a,0
26890,West Wimmera (S),a,84243
37310,Western Downs (R),a,348553
18230,Western Plains Regional (A),a,146367
59030,Westonia (S),a,160
26980,Whitehorse (C),a,0
37340,Whitsunday (R),a,128499
27070,Whittlesea (C),a,65811
48540,Whyalla (C),a,0
59100,Wickepin (S),a,18120
59170,Williams (S),a,30853
18250,Willoughby (C),a,32922
59250,Wiluna (S),a,15435
18350,Wingecarribee (A),a,79132
37400,Winton (S),a,18523
27170,Wodonga (C),a,33872
18400,Wollondilly (A),a,208994
18450,Wollongong (C),a,35570
59310,Wongan-Ballidu (S),a,33028
59320,Woodanilling (S),a,14828
18500,Woollahra (A),a,0
37550,Woorabinda (S),a,40
48640,Wudinna (DC),a,34324
37570,Wujal Wujal (S),a,627
59330,Wyalkatchem (S),a,13467
27260,Wyndham (C),a,58222
59340,Wyndham-East Kimberley (S),a,18162
59350,Yalgoo (S),a,12885
48750,Yankalilla (DC),a,476
27350,Yarra (C),a,0
27450,Yarra Ranges (S),a,"543,349"
37600,Yarrabah (S),a,"11,181"
27630,Yarriambiack (S),a,"120,164"
18710,Yass Valley (A),a,"76,694"
59360,Yilgarn (S),a,"32,278"
59370,York (S),a,"42,725"
48830,Yorke Peninsula (DC),a,"128,461"
40070,Adelaide (C),b,0
40120,Adelaide Hills (DC),b,0
50080,Albany (C),b,4456
10050,Albury (C),b,79
40220,Alexandrina (DC),b,0
70200,Alice Springs (T),b,2123
20110,Alpine (S),b,3608
40250,Anangu Pitjantjatjara (AC),b,0
20260,Ararat (RC),b,103
50210,Armadale (C),b,148523
10130,Armidale Regional (A),b,0
50250,Ashburton (S),b,2391
50280,Augusta-Margaret River (S),b,6294
30250,Aurukun (S),b,16
20570,Ballarat (C),b,37014
10250,Ballina (A),b,0
30300,Balonne (S),b,0
10300,Balranald (A),b,0
30370,Banana (S),b,6746
20660,Banyule (C),b,23846
30410,Barcaldine (R),b,0
30450,Barcoo (S),b,0
70420,Barkly (R),b,163
40310,Barossa (DC),b,0
40430,Barunga West (DC),b,0
20740,Bass Coast (S),b,1069
50350,Bassendean (T),b,0
10470,Bathurst Regional (A),b,0
20830,Baw Baw (S),b,12974
20910,Bayside (C),b,1894
50420,Bayswater (C),b,2952
10550,Bega Valley (A),b,0
10600,Bellingen (A),b,0
50490,Belmont (C),b,11104
70540,Belyuen (S),b,20
40520,Berri and Barmera (DC),b,0
10650,Berrigan (A),b,1
50560,Beverley (S),b,3
30760,Blackall-Tambo (R),b,0
10750,Blacktown (C),b,80
10800,Bland (A),b,0
10850,Blayney (A),b,0
10900,Blue Mountains (C),b,54
50630,Boddington (S),b,170
10950,Bogan (A),b,0
21110,Boroondara (C),b,3887
11100,Botany Bay (C),b,4244
30900,Boulia (S),b,0
11150,Bourke (A),b,0
50770,Boyup Brook (S),b,1601
60210,Break O'Day (M),b,358
11200,Brewarrina (A),b,0
60410,Brighton (M),b,1778
21180,Brimbank (C),b,52423
31000,Brisbane (C),b,65900
11250,Broken Hill (C),b,0
50910,Brookton (S),b,0
50980,Broome (S),b,6730
51080,Broomehill-Tambellup (S),b,237
51120,Bruce Rock (S),b,1096
31750,Bulloo (S),b,0
21270,Buloke (S),b,38
51190,Bunbury (C),b,76769
31820,Bundaberg (R),b,1950
31900,Burdekin (S),b,0
31950,Burke (S),b,0
60610,Burnie (C),b,0
40700,Burnside (C),b,0
11300,Burwood (A),b,0
51260,Busselton (C),b,18786
11350,Byron (A),b,0
11400,Cabonne (A),b,3
32080,Cairns (R),b,25
51310,Cambridge (T),b,1257
11450,Camden (A),b,0
21370,Campaspe (S),b,1539
11500,Campbelltown (C) (NSW),b,0
40910,Campbelltown (C) (SA),b,0
11520,Canada Bay (A),b,0
51330,Canning (C),b,29030
11570,Canterbury-Bankstown (A),b,0
51400,Capel (S),b,28410
21450,Cardinia (S),b,188004
51470,Carnamah (S),b,469
51540,Carnarvon (S),b,1773
32250,Carpentaria (S),b,0
11600,Carrathool (A),b,0
21610,Casey (C),b,234157
32260,Cassowary Coast (R),b,36
41010,Ceduna (DC),b,0
11650,Central Coast (C) (NSW),b,0
60810,Central Coast (M) (Tas.),b,0
11700,Central Darling (A),b,0
70620,Central Desert (R),b,117
21670,Central Goldfields (S),b,132
61010,Central Highlands (M) (Tas.),b,466
32270,Central Highlands (R) (Qld),b,902
11720,Cessnock (C),b,0
41060,Charles Sturt (C),b,0
32310,Charters Towers (R),b,0
32330,Cherbourg (S),b,0
51680,Chittering (S),b,17272
61210,Circular Head (M),b,0
41140,Clare and Gilbert Valleys (DC),b,0
51750,Claremont (T),b,3513
61410,Clarence (C),b,3239
11730,Clarence Valley (A),b,0
41190,Cleve (DC),b,0
32450,Cloncurry (S),b,0
11750,Cobar (A),b,0
51820,Cockburn (C),b,338507
11800,Coffs Harbour (C),b,0
21750,Colac-Otway (S),b,61
51890,Collie (S),b,4491
41330,Coober Pedy (DC),b,0
32500,Cook (S),b,11
12000,Coolamon (A),b,0
51960,Coolgardie (S),b,759
70700,Coomalie (S),b,47
12150,Coonamble (A),b,0
52030,Coorow (S),b,326
41560,Copper Coast (DC),b,0
21830,Corangamite (S),b,2106
52100,Corrigin (S),b,0
52170,Cottesloe (T),b,1313
12350,Cowra (A),b,0
32600,Croydon (S),b,4
52310,Cuballing (S),b,20
52380,Cue (S),b,159
12380,Cumberland (A),b,0
52450,Cunderdin (S),b,80
52520,Dalwallinu (S),b,2230
52590,Dandaragan (S),b,6623
52660,Dardanup (S),b,17360
21890,Darebin (C),b,7184
71000,Darwin (C),b,50355
52730,Denmark (S),b,0
52800,Derby-West Kimberley (S),b,568
61510,Derwent Valley (M),b,2514
61610,Devonport (C),b,0
32750,Diamantina (S),b,0
52870,Donnybrook-Balingup (S),b,786
32770,Doomadgee (S),b,0
61810,Dorset (M),b,3032
32810,Douglas (S),b,2
52940,Dowerin (S),b,389
53010,Dumbleyung (S),b,415
53080,Dundas (S),b,115
12700,Dungog (A),b,0
71300,East Arnhem (R),b,780
53150,East Fremantle (T),b,0
22110,East Gippsland (S),b,1589
53220,East Pilbara (S),b,4609
12730,Edward River (A),b,0
41750,Elliston (DC),b,0
53290,Esperance (S),b,8422
33100,Etheridge (S),b,11
12750,Eurobodalla (A),b,0
53360,Exmouth (S),b,4777
12850,Fairfield (C),b,0
12870,Federation (A),b,0
62010,Flinders (M) (Tas.),b,0
33200,Flinders (S) (Qld),b,0
41830,Flinders Ranges (DC),b,0
12900,Forbes (A),b,3
41960,Franklin Harbour (DC),b,0
22170,Frankston (C),b,30085
33220,Fraser Coast (R),b,10225
53430,Fremantle (C),b,13608
22250,Gannawarra (S),b,439
42030,Gawler (T),b,0
62210,George Town (M),b,0
12930,Georges River (A),b,0
12950,Gilgandra (A),b,0
53570,Gingin (S),b,603
33360,Gladstone (R),b,15922
62410,Glamorgan/Spring Bay (M),b,3550
13010,Glen Innes Severn (A),b,0
22410,Glenelg (S),b,461
62610,Glenorchy (C),b,1791
53640,Gnowangerup (S),b,1893
33430,Gold Coast (C),b,206629
22490,Golden Plains (S),b,2487
53710,Goomalling (S),b,152
33610,Goondiwindi (R),b,2
53780,Gosnells (C),b,14171
13310,Goulburn Mulwaree (A),b,0
42110,Goyder (DC),b,0
42250,Grant (DC),b,0
22620,Greater Bendigo (C),b,8040
22670,Greater Dandenong (C),b,29875
22750,Greater Geelong (C),b,105714
53800,Greater Geraldton (C),b,15513
13340,Greater Hume Shire (A),b,0
22830,Greater Shepparton (C),b,37968
13450,Griffith (C),b,0
13510,Gundagai (A),b,0
13550,Gunnedah (A),b,0
13660,Gwydir (A),b,0
33620,Gympie (R),b,89
53920,Halls Creek (S),b,17
53990,Harvey (S),b,2988
13800,Hawkesbury (C),b,0
13850,Hay (A),b,0
22910,Hepburn (S),b,987
13910,Hilltops (A),b,0
33800,Hinchinbrook (S),b,0
22980,Hindmarsh (S),b,1
62810,Hobart (C),b,10676
23110,Hobsons Bay (C),b,116362
42600,Holdfast Bay (C),b,0
33830,Hope Vale (S),b,0
14000,Hornsby (A),b,0
23190,Horsham (RC),b,1414
23270,Hume (C),b,431352
63010,Huon Valley (M),b,1965
23350,Indigo (S),b,6782
14170,Inner West (A),b,0
14200,Inverell (A),b,0
33960,Ipswich (C),b,75020
54060,Irwin (S),b,2806
33980,Isaac (R),b,277
54130,Jerramungup (S),b,2091
54170,Joondalup (C),b,62987
14300,Junee (A),b,0
54200,Kalamunda (S),b,71580
54280,Kalgoorlie/Boulder (C),b,669
42750,Kangaroo Island (DC),b,0
43080,Karoonda East Murray (DC),b,0
54310,Karratha (C),b,61833
54340,Katanning (S),b,2909
72200,Katherine (T),b,789
54410,Kellerberrin (S),b,288
14350,Kempsey (A),b,0
54480,Kent (S),b,67
63210,Kentish (M),b,0
14400,Kiama (A),b,0
43220,Kimba (DC),b,0
63410,King Island (M),b,0
63610,Kingborough (M),b,49
23430,Kingston (C) (Vic.),b,46283
43360,Kingston (DC) (SA),b,0
23670,Knox (C),b,10568
54550,Kojonup (S),b,129
54620,Kondinin (S),b,67
54690,Koorda (S),b,0
34420,Kowanyama (S),b,13
54760,Kulin (S),b,796
14500,Ku-ring-gai (A),b,0
54830,Kwinana (C),b,39178
14550,Kyogle (A),b,0
14600,Lachlan (A),b,0
54900,Lake Grace (S),b,659
14650,Lake Macquarie (C),b,0
14700,Lane Cove (A),b,0
23810,Latrobe (C) (Vic.),b,7402
63810,Latrobe (M) (Tas.),b,0
64010,Launceston (C),b,13803
54970,Laverton (S),b,724
14750,Leeton (A),b,0
55040,Leonora (S),b,58
43650,Light (RegC),b,0
14850,Lismore (C),b,0
72300,Litchfield (M),b,2240
14870,Lithgow (C),b,0
14900,Liverpool (C),b,1137
14920,Liverpool Plains (A),b,0
34530,Livingstone (S),b,15580
14950,Lockhart (A),b,0
34570,Lockhart River (S),b,6
34580,Lockyer Valley (R),b,2897
23940,Loddon (S),b,80
34590,Logan (C),b,1902
34710,Longreach (R),b,0
43710,Lower Eyre Peninsula (DC),b,0
43790,Loxton Waikerie (DC),b,0
72330,MacDonnell (R),b,0
24130,Macedon Ranges (S),b,2234
34770,Mackay (R),b,25289
15050,Maitland (C),b,0
43920,Mallala (DC),b,0
55110,Mandurah (C),b,308080
55180,Manjimup (S),b,9147
24210,Manningham (C),b,19199
24250,Mansfield (S),b,5715
34830,Mapoon (S),b,0
44000,Maralinga Tjarutja (AC),b,0
34860,Maranoa (R),b,6265
34880,Mareeba (S),b,3238
24330,Maribyrnong (C),b,42427
44060,Marion (C),b,0
24410,Maroondah (C),b,272
34800,McKinlay (S),b,0
64210,Meander Valley (M),b,532
55250,Meekatharra (S),b,0
24600,Melbourne (C),b,174268
24650,Melton (C),b,43977
55320,Melville (C),b,7479
55390,Menzies (S),b,341
55460,Merredin (S),b,836
44210,Mid Murray (DC),b,0
15240,Mid-Coast (A),b,0
15270,Mid-Western Regional (A),b,0
24780,Mildura (RC),b,11724
55530,Mingenew (S),b,30
44340,Mitcham (C),b,0
24850,Mitchell (S),b,24103
24900,Moira (S),b,10
24970,Monash (C),b,135765
25060,Moonee Valley (C),b,48700
55600,Moora (S),b,15
25150,Moorabool (S),b,2387
55670,Morawa (S),b,446
15300,Moree Plains (A),b,0
25250,Moreland (C),b,15935
35010,Moreton Bay (R),b,884
35250,Mornington (S),b,14
25340,Mornington Peninsula (S),b,49744
15350,Mosman (A),b,0
55740,Mosman Park (T),b,3074
25430,Mount Alexander (S),b,2
44550,Mount Barker (DC),b,0
44620,Mount Gambier (C),b,0
35300,Mount Isa (C),b,0
55810,Mount Magnet (S),b,232
55880,Mount Marshall (S),b,0
44830,Mount Remarkable (DC),b,0
25490,Moyne (S),b,1525
55950,Mukinbudin (S),b,137
56090,Mundaring (S),b,6503
56160,Murchison (S),b,13
56230,Murray (S),b,38941
45040,Murray Bridge (RC),b,0
15520,Murray River (A),b,29
25620,Murrindindi (S),b,305
15560,Murrumbidgee (A),b,0
35600,Murweh (S),b,0
15650,Muswellbrook (A),b,0
15700,Nambucca (A),b,0
56300,Nannup (S),b,2508
35670,Napranum (S),b,0
45090,Naracoorte and Lucindale (DC),b,0
56370,Narembeen (S),b,154
15750,Narrabri (A),b,0
15800,Narrandera (A),b,0
56460,Narrogin (S),b,0
15850,Narromine (A),b,0
56580,Nedlands (C),b,6987
15900,Newcastle (C),b,74663
56620,Ngaanyatjarraku (S),b,389
25710,Nillumbik (S),b,15502
35740,Noosa (S),b,5887
35760,North Burnett (R),b,0
15950,North Sydney (A),b,0
56730,Northam (S),b,4580
56790,Northampton (S),b,3143
45120,Northern Areas (DC),b,0
15990,Northern Beaches (A),b,7602
25810,Northern Grampians (S),b,170
64610,Northern Midlands (M),b,311
35780,Northern Peninsula Area (R),b,0
45290,Norwood Payneham St Peters (C),b,0
56860,Nungarin (S),b,0
16100,Oberon (A),b,0
45340,Onkaparinga (C),b,0
16150,Orange (C),b,0
45400,Orroroo/Carrieton (DC),b,0
35790,Palm Island (S),b,0
72800,Palmerston (C),b,11032
16200,Parkes (A),b,655
35800,Paroo (S),b,0
16260,Parramatta (C),b,0
16350,Penrith (C),b,1110
56930,Peppermint Grove (S),b,255
57000,Perenjori (S),b,467
57080,Perth (C),b,186
45540,Peterborough (DC),b,0
57140,Pingelly (S),b,31
57210,Plantagenet (S),b,2664
45680,Playford (C),b,0
36070,Pormpuraaw (S),b,8
45890,Port Adelaide Enfield (C),b,0
46090,Port Augusta (C),b,91
57280,Port Hedland (T),b,10800
46300,Port Lincoln (C),b,0
16380,Port Macquarie-Hastings (A),b,0
25900,Port Phillip (C),b,66017
46450,Port Pirie City and Dists (M),b,0
16400,Port Stephens (A),b,2174
46510,Prospect (C),b,0
25990,Pyrenees (S),b,595
57350,Quairading (S),b,0
16490,Queanbeyan-Palerang Regional (A),b,0
26080,Queenscliffe (B),b,580
36150,Quilpie (S),b,0
16550,Randwick (C),b,11137
57420,Ravensthorpe (S),b,1567
36250,Redland (C),b,4078
46670,Renmark Paringa (DC),b,0
36300,Richmond (S),b,0
16610,Richmond Valley (A),b,0
46860,Robe (DC),b,0
16650,Rockdale (C),b,0
36370,Rockhampton (R),b,36735
57490,Rockingham (C),b,412615
73600,Roper Gulf (R),b,865
46970,Roxby Downs (M),b,0
16700,Ryde (C),b,0
47140,Salisbury (C),b,0
57630,Sandstone (S),b,0
36510,Scenic Rim (R),b,614
57700,Serpentine-Jarrahdale (S),b,147709
57770,Shark Bay (S),b,3908
16900,Shellharbour (C),b,0
16950,Shoalhaven (C),b,0
17000,Singleton (A),b,0
17040,Snowy Monaro Regional (A),b,0
17080,Snowy Valleys (A),b,0
36580,Somerset (R),b,1169
64810,Sorell (M),b,308
36630,South Burnett (R),b,1430
26170,South Gippsland (S),b,140
57840,South Perth (C),b,5469
36660,Southern Downs (R),b,13
26260,Southern Grampians (S),b,278
47290,Southern Mallee (DC),b,0
65010,Southern Midlands (M),b,402
57910,Stirling (C),b,117493
26350,Stonnington (C),b,938
26430,Strathbogie (S),b,1083
17100,Strathfield (A),b,0
47490,Streaky Bay (DC),b,0
57980,Subiaco (C),b,3729
36720,Sunshine Coast (R),b,31020
26490,Surf Coast (S),b,14423
17150,Sutherland Shire (A),b,0
58050,Swan (C),b,349727
26610,Swan Hill (RC),b,506
17200,Sydney (C),b,1182
36820,Tablelands (R),b,3835
58190,Tammin (S),b,0
17310,Tamworth Regional (A),b,0
65210,Tasman (M),b,0
47630,Tatiara (DC),b,0
47700,Tea Tree Gully (C),b,0
17350,Temora (A),b,0
17400,Tenterfield (A),b,0
47800,The Coorong (DC),b,0
17420,The Hills Shire (A),b,0
58260,Three Springs (S),b,0
74050,Tiwi Islands (R),b,285
58330,Toodyay (S),b,1495
36910,Toowoomba (R),b,59150
36950,Torres (S),b,0
36960,Torres Strait Island (R),b,0
37010,Townsville (C),b,47806
26670,Towong (S),b,3609
58400,Trayning (S),b,1119
47910,Tumby Bay (DC),b,0
17550,Tweed (A),b,0
99399,Unincorp. Other Territories,b,0
89399,Unincorporated ACT,b,107986
19399,Unincorporated NSW,b,0
79399,Unincorporated NT,b,6109
49399,Unincorporated SA,b,0
29399,Unincorporated Vic,b,868
47980,Unley (C),b,0
58470,Upper Gascoyne (S),b,0
17620,Upper Hunter Shire (A),b,0
17640,Upper Lachlan Shire (A),b,0
17650,Uralla (A),b,0
48050,Victor Harbor (C),b,0
74550,Victoria Daly (R),b,361
58510,Victoria Park (T),b,6233
58540,Victoria Plains (S),b,610
58570,Vincent (C),b,389
74560,Wagait (S),b,41
17750,Wagga Wagga (C),b,72
58610,Wagin (S),b,0
48130,Wakefield (DC),b,0
17850,Walcha (A),b,0
17900,Walgett (A),b,0
48260,Walkerville (M),b,0
58680,Wandering (S),b,13
26700,Wangaratta (RC),b,3481
58760,Wanneroo (C),b,714664
65410,Waratah/Wynyard (M),b,62
58820,Waroona (S),b,7815
17950,Warren (A),b,0
26730,Warrnambool (C),b,1722
18020,Warrumbungle Shire (A),b,0
48340,Wattle Range (DC),b,0
18050,Waverley (A),b,0
18100,Weddin (A),b,0
37300,Weipa (T),b,0
26810,Wellington (S),b,3654
18200,Wentworth (A),b,39
74660,West Arnhem (R),b,2998
58890,West Arthur (S),b,55
65610,West Coast (M),b,0
74680,West Daly (R),b,376
65810,West Tamar (M),b,1068
48410,West Torrens (C),b,0
26890,West Wimmera (S),b,63
37310,Western Downs (R),b,4
18230,Western Plains Regional (A),b,0
59030,Westonia (S),b,10
26980,Whitehorse (C),b,493
37340,Whitsunday (R),b,19604
27070,Whittlesea (C),b,142333
48540,Whyalla (C),b,0
59100,Wickepin (S),b,4
59170,Williams (S),b,254
18250,Willoughby (C),b,0
59250,Wiluna (S),b,0
18350,Wingecarribee (A),b,0
37400,Winton (S),b,0
27170,Wodonga (C),b,23092
18400,Wollondilly (A),b,12
18450,Wollongong (C),b,11802
59310,Wongan-Ballidu (S),b,227
59320,Woodanilling (S),b,15
18500,Woollahra (A),b,0
37550,Woorabinda (S),b,0
48640,Wudinna (DC),b,0
37570,Wujal Wujal (S),b,0
59330,Wyalkatchem (S),b,74
27260,Wyndham (C),b,125135
59340,Wyndham-East Kimberley (S),b,336
59350,Yalgoo (S),b,1406
48750,Yankalilla (DC),b,0
27350,Yarra (C),b,6963
27450,Yarra Ranges (S),b,"10,409"
37600,Yarrabah (S),b,31
27630,Yarriambiack (S),b,"1,116"
18710,Yass Valley (A),b,0
59360,Yilgarn (S),b,"4,684"
59370,York (S),b,"1,011"
48830,Yorke Peninsula (DC),b,0
40070,Adelaide (C),c,0
40120,Adelaide Hills (DC),c,67869
50080,Albany (C),c,19435
10050,Albury (C),c,27781
40220,Alexandrina (DC),c,12705
70200,Alice Springs (T),c,0
20110,Alpine (S),c,686
40250,Anangu Pitjantjatjara (AC),c,67
20260,Ararat (RC),c,1391
50210,Armadale (C),c,2172
10130,Armidale Regional (A),c,0
50250,Ashburton (S),c,0
50280,Augusta-Margaret River (S),c,0
30250,Aurukun (S),c,105
20570,Ballarat (C),c,19078
10250,Ballina (A),c,1314
30300,Balonne (S),c,0
10300,Balranald (A),c,0
30370,Banana (S),c,7807
20660,Banyule (C),c,3781
30410,Barcaldine (R),c,20954
30450,Barcoo (S),c,3591
70420,Barkly (R),c,115
40310,Barossa (DC),c,51472
40430,Barunga West (DC),c,9904
20740,Bass Coast (S),c,54
50350,Bassendean (T),c,0
10470,Bathurst Regional (A),c,1540
20830,Baw Baw (S),c,1123
20910,Bayside (C),c,2807
50420,Bayswater (C),c,1626
10550,Bega Valley (A),c,10049
10600,Bellingen (A),c,3
50490,Belmont (C),c,10827
70540,Belyuen (S),c,0
40520,Berri and Barmera (DC),c,10786
10650,Berrigan (A),c,587
50560,Beverley (S),c,39
30760,Blackall-Tambo (R),c,12441
10750,Blacktown (C),c,8616
10800,Bland (A),c,4
10850,Blayney (A),c,20
10900,Blue Mountains (C),c,1
50630,Boddington (S),c,0
10950,Bogan (A),c,0
21110,Boroondara (C),c,1808
11100,Botany Bay (C),c,17475
30900,Boulia (S),c,1221
11150,Bourke (A),c,106
50770,Boyup Brook (S),c,17
60210,Break O'Day (M),c,1775
11200,Brewarrina (A),c,0
60410,Brighton (M),c,7246
21180,Brimbank (C),c,809
31000,Brisbane (C),c,265415
11250,Broken Hill (C),c,5632
50910,Brookton (S),c,1326
50980,Broome (S),c,4649
51080,Broomehill-Tambellup (S),c,0
51120,Bruce Rock (S),c,0
31750,Bulloo (S),c,189
21270,Buloke (S),c,0
51190,Bunbury (C),c,0
31820,Bundaberg (R),c,14193
31900,Burdekin (S),c,14076
31950,Burke (S),c,9
60610,Burnie (C),c,3553
40700,Burnside (C),c,5645
11300,Burwood (A),c,13592
51260,Busselton (C),c,41
11350,Byron (A),c,1460
11400,Cabonne (A),c,331
32080,Cairns (R),c,43019
51310,Cambridge (T),c,4835
11450,Camden (A),c,2911
21370,Campaspe (S),c,27
11500,Campbelltown (C) (NSW),c,11855
40910,Campbelltown (C) (SA),c,11855
11520,Canada Bay (A),c,13959
51330,Canning (C),c,11
11570,Canterbury-Bankstown (A),c,15103
51400,Capel (S),c,0
21450,Cardinia (S),c,3206
51470,Carnamah (S),c,0
51540,Carnarvon (S),c,5
32250,Carpentaria (S),c,71
11600,Carrathool (A),c,6
21610,Casey (C),c,14595
32260,Cassowary Coast (R),c,1858
41010,Ceduna (DC),c,2418
11650,Central Coast (C) (NSW),c,15472
60810,Central Coast (M) (Tas.),c,1341
11700,Central Darling (A),c,0
70620,Central Desert (R),c,117
21670,Central Goldfields (S),c,995
61010,Central Highlands (M) (Tas.),c,1728
32270,Central Highlands (R) (Qld),c,4845
11720,Cessnock (C),c,10551
41060,Charles Sturt (C),c,40
32310,Charters Towers (R),c,367
32330,Cherbourg (S),c,0
51680,Chittering (S),c,0
61210,Circular Head (M),c,4084
41140,Clare and Gilbert Valleys (DC),c,12799
51750,Claremont (T),c,0
61410,Clarence (C),c,20629
11730,Clarence Valley (A),c,59
41190,Cleve (DC),c,5149
32450,Cloncurry (S),c,286
11750,Cobar (A),c,0
51820,Cockburn (C),c,585
11800,Coffs Harbour (C),c,3188
21750,Colac-Otway (S),c,0
51890,Collie (S),c,2800
41330,Coober Pedy (DC),c,0
32500,Cook (S),c,1712
12000,Coolamon (A),c,0
51960,Coolgardie (S),c,0
70700,Coomalie (S),c,0
12150,Coonamble (A),c,0
52030,Coorow (S),c,150
41560,Copper Coast (DC),c,2067
21830,Corangamite (S),c,2
52100,Corrigin (S),c,96
52170,Cottesloe (T),c,0
12350,Cowra (A),c,0
32600,Croydon (S),c,26
52310,Cuballing (S),c,2887
52380,Cue (S),c,190
12380,Cumberland (A),c,51190
52450,Cunderdin (S),c,0
52520,Dalwallinu (S),c,0
52590,Dandaragan (S),c,0
52660,Dardanup (S),c,0
21890,Darebin (C),c,19237
71000,Darwin (C),c,5160
52730,Denmark (S),c,577
52800,Derby-West Kimberley (S),c,1929
61510,Derwent Valley (M),c,8642
61610,Devonport (C),c,3434
32750,Diamantina (S),c,2508
52870,Donnybrook-Balingup (S),c,53
32770,Doomadgee (S),c,0
61810,Dorset (M),c,7800
32810,Douglas (S),c,3205
52940,Dowerin (S),c,0
53010,Dumbleyung (S),c,0
53080,Dundas (S),c,0
12700,Dungog (A),c,12
71300,East Arnhem (R),c,0
53150,East Fremantle (T),c,1097
22110,East Gippsland (S),c,5416
53220,East Pilbara (S),c,4156
12730,Edward River (A),c,0
41750,Elliston (DC),c,1150
53290,Esperance (S),c,3892
33100,Etheridge (S),c,73
12750,Eurobodalla (A),c,5301
53360,Exmouth (S),c,2030
12850,Fairfield (C),c,21755
12870,Federation (A),c,0
62010,Flinders (M) (Tas.),c,0
33200,Flinders (S) (Qld),c,656
41830,Flinders Ranges (DC),c,186
12900,Forbes (A),c,31
41960,Franklin Harbour (DC),c,238
22170,Frankston (C),c,223
33220,Fraser Coast (R),c,6662
53430,Fremantle (C),c,15333
22250,Gannawarra (S),c,0
42030,Gawler (T),c,1149
62210,George Town (M),c,4268
12930,Georges River (A),c,10922
12950,Gilgandra (A),c,10
53570,Gingin (S),c,0
33360,Gladstone (R),c,35821
62410,Glamorgan/Spring Bay (M),c,635
13010,Glen Innes Severn (A),c,571
22410,Glenelg (S),c,0
62610,Glenorchy (C),c,811
53640,Gnowangerup (S),c,0
33430,Gold Coast (C),c,122804
22490,Golden Plains (S),c,378
53710,Goomalling (S),c,865
33610,Goondiwindi (R),c,23980
53780,Gosnells (C),c,1
13310,Goulburn Mulwaree (A),c,11829
42110,Goyder (DC),c,10635
42250,Grant (DC),c,10829
22620,Greater Bendigo (C),c,4028
22670,Greater Dandenong (C),c,6705
22750,Greater Geelong (C),c,9477
53800,Greater Geraldton (C),c,8057
13340,Greater Hume Shire (A),c,244
22830,Greater Shepparton (C),c,111
13450,Griffith (C),c,8062
13510,Gundagai (A),c,955
13550,Gunnedah (A),c,4674
13660,Gwydir (A),c,14
33620,Gympie (R),c,3664
53920,Halls Creek (S),c,1048
53990,Harvey (S),c,0
13800,Hawkesbury (C),c,42
13850,Hay (A),c,0
22910,Hepburn (S),c,35
13910,Hilltops (A),c,18
33800,Hinchinbrook (S),c,11284
22980,Hindmarsh (S),c,0
62810,Hobart (C),c,17577
23110,Hobsons Bay (C),c,1671
42600,Holdfast Bay (C),c,0
33830,Hope Vale (S),c,599
14000,Hornsby (A),c,4730
23190,Horsham (RC),c,270
23270,Hume (C),c,4099
63010,Huon Valley (M),c,6064
23350,Indigo (S),c,233
14170,Inner West (A),c,12680
14200,Inverell (A),c,451
33960,Ipswich (C),c,49222
54060,Irwin (S),c,0
33980,Isaac (R),c,88730
54130,Jerramungup (S),c,0
54170,Joondalup (C),c,2012
14300,Junee (A),c,111
54200,Kalamunda (S),c,2290
54280,Kalgoorlie/Boulder (C),c,3168
42750,Kangaroo Island (DC),c,7585
43080,Karoonda East Murray (DC),c,1525
54310,Karratha (C),c,0
54340,Katanning (S),c,0
72200,Katherine (T),c,0
54410,Kellerberrin (S),c,402
14350,Kempsey (A),c,0
54480,Kent (S),c,0
63210,Kentish (M),c,505
14400,Kiama (A),c,6
43220,Kimba (DC),c,93
63410,King Island (M),c,2191
63610,Kingborough (M),c,1112
23430,Kingston (C) (Vic.),c,7117
43360,Kingston (DC) (SA),c,1141
23670,Knox (C),c,2940
54550,Kojonup (S),c,0
54620,Kondinin (S),c,531
54690,Koorda (S),c,0
34420,Kowanyama (S),c,84
54760,Kulin (S),c,0
14500,Ku-ring-gai (A),c,1767
54830,Kwinana (C),c,0
14550,Kyogle (A),c,1048
14600,Lachlan (A),c,0
54900,Lake Grace (S),c,0
14650,Lake Macquarie (C),c,23548
14700,Lane Cove (A),c,2144
23810,Latrobe (C) (Vic.),c,9618
63810,Latrobe (M) (Tas.),c,617
64010,Launceston (C),c,17892
54970,Laverton (S),c,1962
14750,Leeton (A),c,0
55040,Leonora (S),c,125
43650,Light (RegC),c,6384
14850,Lismore (C),c,1350
72300,Litchfield (M),c,0
14870,Lithgow (C),c,5680
14900,Liverpool (C),c,8123
14920,Liverpool Plains (A),c,33
34530,Livingstone (S),c,5505
14950,Lockhart (A),c,0
34570,Lockhart River (S),c,39
34580,Lockyer Valley (R),c,3470
23940,Loddon (S),c,65
34590,Logan (C),c,241605
34710,Longreach (R),c,32202
43710,Lower Eyre Peninsula (DC),c,14420
43790,Loxton Waikerie (DC),c,8790
72330,MacDonnell (R),c,223
24130,Macedon Ranges (S),c,0
34770,Mackay (R),c,93490
15050,Maitland (C),c,16352
43920,Mallala (DC),c,11822
55110,Mandurah (C),c,0
55180,Manjimup (S),c,0
24210,Manningham (C),c,1067
24250,Mansfield (S),c,212
34830,Mapoon (S),c,0
44000,Maralinga Tjarutja (AC),c,40
34860,Maranoa (R),c,7763
34880,Mareeba (S),c,10203
24330,Maribyrnong (C),c,15172
44060,Marion (C),c,0
24410,Maroondah (C),c,796
34800,McKinlay (S),c,634
64210,Meander Valley (M),c,16431
55250,Meekatharra (S),c,0
24600,Melbourne (C),c,51935
24650,Melton (C),c,531
55320,Melville (C),c,6049
55390,Menzies (S),c,0
55460,Merredin (S),c,0
44210,Mid Murray (DC),c,20667
15240,Mid-Coast (A),c,4630
15270,Mid-Western Regional (A),c,135
24780,Mildura (RC),c,5320
55530,Mingenew (S),c,65
44340,Mitcham (C),c,3864
24850,Mitchell (S),c,138
24900,Moira (S),c,2868
24970,Monash (C),c,1772
25060,Moonee Valley (C),c,6643
55600,Moora (S),c,1892
25150,Moorabool (S),c,959
55670,Morawa (S),c,3
15300,Moree Plains (A),c,19
25250,Moreland (C),c,15273
35010,Moreton Bay (R),c,76700
35250,Mornington (S),c,105
25340,Mornington Peninsula (S),c,81
15350,Mosman (A),c,0
55740,Mosman Park (T),c,0
25430,Mount Alexander (S),c,0
44550,Mount Barker (DC),c,25744
44620,Mount Gambier (C),c,498
35300,Mount Isa (C),c,2779
55810,Mount Magnet (S),c,0
55880,Mount Marshall (S),c,0
44830,Mount Remarkable (DC),c,23256
25490,Moyne (S),c,3
55950,Mukinbudin (S),c,0
56090,Mundaring (S),c,528
56160,Murchison (S),c,183
56230,Murray (S),c,0
45040,Murray Bridge (RC),c,11773
15520,Murray River (A),c,0
25620,Murrindindi (S),c,4
15560,Murrumbidgee (A),c,0
35600,Murweh (S),c,10
15650,Muswellbrook (A),c,40
15700,Nambucca (A),c,883
56300,Nannup (S),c,215
35670,Napranum (S),c,0
45090,Naracoorte and Lucindale (DC),c,2384
56370,Narembeen (S),c,29
15750,Narrabri (A),c,5127
15800,Narrandera (A),c,1
56460,Narrogin (S),c,890
15850,Narromine (A),c,0
56580,Nedlands (C),c,1640
15900,Newcastle (C),c,36748
56620,Ngaanyatjarraku (S),c,36
25710,Nillumbik (S),c,1707
35740,Noosa (S),c,27485
35760,North Burnett (R),c,27876
15950,North Sydney (A),c,14664
56730,Northam (S),c,3987
56790,Northampton (S),c,4
45120,Northern Areas (DC),c,5324
15990,Northern Beaches (A),c,8370
25810,Northern Grampians (S),c,1581
64610,Northern Midlands (M),c,5350
35780,Northern Peninsula Area (R),c,0
45290,Norwood Payneham St Peters (C),c,6116
56860,Nungarin (S),c,0
16100,Oberon (A),c,55
45340,Onkaparinga (C),c,31220
16150,Orange (C),c,2768
45400,Orroroo/Carrieton (DC),c,858
35790,Palm Island (S),c,745
72800,Palmerston (C),c,0
16200,Parkes (A),c,7191
35800,Paroo (S),c,13469
16260,Parramatta (C),c,37386
16350,Penrith (C),c,20484
56930,Peppermint Grove (S),c,0
57000,Perenjori (S),c,0
57080,Perth (C),c,17914
45540,Peterborough (DC),c,1037
57140,Pingelly (S),c,385
57210,Plantagenet (S),c,303
45680,Playford (C),c,25045
36070,Pormpuraaw (S),c,53
45890,Port Adelaide Enfield (C),c,8627
46090,Port Augusta (C),c,565
57280,Port Hedland (T),c,170
46300,Port Lincoln (C),c,433
16380,Port Macquarie-Hastings (A),c,2853
25900,Port Phillip (C),c,14387
46450,Port Pirie City and Dists (M),c,7120
16400,Port Stephens (A),c,640
46510,Prospect (C),c,1131
25990,Pyrenees (S),c,170
57350,Quairading (S),c,302
16490,Queanbeyan-Palerang Regional (A),c,4649
26080,Queenscliffe (B),c,420
36150,Quilpie (S),c,8280
16550,Randwick (C),c,593
57420,Ravensthorpe (S),c,16
36250,Redland (C),c,0
46670,Renmark Paringa (DC),c,1570
36300,Richmond (S),c,83
16610,Richmond Valley (A),c,11
46860,Robe (DC),c,602
16650,Rockdale (C),c,16466
36370,Rockhampton (R),c,12980
57490,Rockingham (C),c,0
73600,Roper Gulf (R),c,0
46970,Roxby Downs (M),c,0
16700,Ryde (C),c,40376
47140,Salisbury (C),c,3875
57630,Sandstone (S),c,1495
36510,Scenic Rim (R),c,14772
57700,Serpentine-Jarrahdale (S),c,0
57770,Shark Bay (S),c,3
16900,Shellharbour (C),c,338
16950,Shoalhaven (C),c,17873
17000,Singleton (A),c,5322
17040,Snowy Monaro Regional (A),c,4065
17080,Snowy Valleys (A),c,86
36580,Somerset (R),c,8833
64810,Sorell (M),c,917
36630,South Burnett (R),c,10220
26170,South Gippsland (S),c,76
57840,South Perth (C),c,3661
36660,Southern Downs (R),c,15878
26260,Southern Grampians (S),c,0
47290,Southern Mallee (DC),c,1985
65010,Southern Midlands (M),c,7430
57910,Stirling (C),c,2657
26350,Stonnington (C),c,5337
26430,Strathbogie (S),c,0
17100,Strathfield (A),c,6123
47490,Streaky Bay (DC),c,5686
57980,Subiaco (C),c,1706
36720,Sunshine Coast (R),c,144815
26490,Surf Coast (S),c,4
17150,Sutherland Shire (A),c,1748
58050,Swan (C),c,1006
26610,Swan Hill (RC),c,0
17200,Sydney (C),c,127916
36820,Tablelands (R),c,12082
58190,Tammin (S),c,0
17310,Tamworth Regional (A),c,12331
65210,Tasman (M),c,8
47630,Tatiara (DC),c,3632
47700,Tea Tree Gully (C),c,1859
17350,Temora (A),c,3661
17400,Tenterfield (A),c,32
47800,The Coorong (DC),c,8806
17420,The Hills Shire (A),c,10749
58260,Three Springs (S),c,0
74050,Tiwi Islands (R),c,0
58330,Toodyay (S),c,0
36910,Toowoomba (R),c,304599
36950,Torres (S),c,0
36960,Torres Strait Island (R),c,0
37010,Townsville (C),c,3942
26670,Towong (S),c,1426
58400,Trayning (S),c,0
47910,Tumby Bay (DC),c,2270
17550,Tweed (A),c,8978
99399,Unincorp. Other Territories,c,42
89399,Unincorporated ACT,c,46447
19399,Unincorporated NSW,c,168
79399,Unincorporated NT,c,37
49399,Unincorporated SA,c,2778
29399,Unincorporated Vic,c,19
47980,Unley (C),c,4719
58470,Upper Gascoyne (S),c,0
17620,Upper Hunter Shire (A),c,4134
17640,Upper Lachlan Shire (A),c,600
17650,Uralla (A),c,1075
48050,Victor Harbor (C),c,1407
74550,Victoria Daly (R),c,0
58510,Victoria Park (T),c,1260
58540,Victoria Plains (S),c,1
58570,Vincent (C),c,6761
74560,Wagait (S),c,0
17750,Wagga Wagga (C),c,3046
58610,Wagin (S),c,0
48130,Wakefield (DC),c,16697
17850,Walcha (A),c,1154
17900,Walgett (A),c,45
48260,Walkerville (M),c,0
58680,Wandering (S),c,135
26700,Wangaratta (RC),c,4857
58760,Wanneroo (C),c,718
65410,Waratah/Wynyard (M),c,3081
58820,Waroona (S),c,0
17950,Warren (A),c,0
26730,Warrnambool (C),c,1401
18020,Warrumbungle Shire (A),c,0
48340,Wattle Range (DC),c,13708
18050,Waverley (A),c,11870
18100,Weddin (A),c,0
37300,Weipa (T),c,0
26810,Wellington (S),c,627
18200,Wentworth (A),c,2
74660,West Arnhem (R),c,0
58890,West Arthur (S),c,24
65610,West Coast (M),c,269
74680,West Daly (R),c,0
65810,West Tamar (M),c,4056
48410,West Torrens (C),c,173
26890,West Wimmera (S),c,0
37310,Western Downs (R),c,77840
18230,Western Plains Regional (A),c,6331
59030,Westonia (S),c,0
26980,Whitehorse (C),c,2518
37340,Whitsunday (R),c,415
27070,Whittlesea (C),c,17715
48540,Whyalla (C),c,682
59100,Wickepin (S),c,465
59170,Williams (S),c,0
18250,Willoughby (C),c,7117
59250,Wiluna (S),c,167
18350,Wingecarribee (A),c,3215
37400,Winton (S),c,10043
27170,Wodonga (C),c,5921
18400,Wollondilly (A),c,4719
18450,Wollongong (C),c,8815
59310,Wongan-Ballidu (S),c,2354
59320,Woodanilling (S),c,0
18500,Woollahra (A),c,4814
37550,Woorabinda (S),c,46
48640,Wudinna (DC),c,1760
37570,Wujal Wujal (S),c,162
59330,Wyalkatchem (S),c,0
27260,Wyndham (C),c,29696
59340,Wyndham-East Kimberley (S),c,1536
59350,Yalgoo (S),c,357
48750,Yankalilla (DC),c,5407
27350,Yarra (C),c,29705
27450,Yarra Ranges (S),c,2004
37600,Yarrabah (S),c,196
27630,Yarriambiack (S),c,0
18710,Yass Valley (A),c,177
59360,Yilgarn (S),c,0
59370,York (S),c,268
48830,Yorke Peninsula (DC),c,"67,495"
40070,Adelaide (C),d,18614
40120,Adelaide Hills (DC),d,4078
50080,Albany (C),d,18296
10050,Albury (C),d,6365
40220,Alexandrina (DC),d,306
70200,Alice Springs (T),d,15752
20110,Alpine (S),d,1820
40250,Anangu Pitjantjatjara (AC),d,0
20260,Ararat (RC),d,4452
50210,Armadale (C),d,5918
10130,Armidale Regional (A),d,3
50250,Ashburton (S),d,3915
50280,Augusta-Margaret River (S),d,7751
30250,Aurukun (S),d,356
20570,Ballarat (C),d,20844
10250,Ballina (A),d,2055
30300,Balonne (S),d,0
10300,Balranald (A),d,7
30370,Banana (S),d,6347
20660,Banyule (C),d,30393
30410,Barcaldine (R),d,0
30450,Barcoo (S),d,0
70420,Barkly (R),d,3932
40310,Barossa (DC),d,1929
40430,Barunga West (DC),d,1591
20740,Bass Coast (S),d,528
50350,Bassendean (T),d,1358
10470,Bathurst Regional (A),d,9272
20830,Baw Baw (S),d,7701
20910,Bayside (C),d,7858
50420,Bayswater (C),d,7713
10550,Bega Valley (A),d,2453
10600,Bellingen (A),d,805
50490,Belmont (C),d,7121
70540,Belyuen (S),d,41
40520,Berri and Barmera (DC),d,0
10650,Berrigan (A),d,486
50560,Beverley (S),d,888
30760,Blackall-Tambo (R),d,0
10750,Blacktown (C),d,72587
10800,Bland (A),d,1
10850,Blayney (A),d,86
10900,Blue Mountains (C),d,2127
50630,Boddington (S),d,1249
10950,Bogan (A),d,6
21110,Boroondara (C),d,19985
11100,Botany Bay (C),d,3900
30900,Boulia (S),d,4
11150,Bourke (A),d,0
50770,Boyup Brook (S),d,1194
60210,Break O'Day (M),d,2416
11200,Brewarrina (A),d,6
60410,Brighton (M),d,2864
21180,Brimbank (C),d,28753
31000,Brisbane (C),d,297451
11250,Broken Hill (C),d,195
50910,Brookton (S),d,724
50980,Broome (S),d,11843
51080,Broomehill-Tambellup (S),d,420
51120,Bruce Rock (S),d,1587
31750,Bulloo (S),d,0
21270,Buloke (S),d,4775
51190,Bunbury (C),d,4860
31820,Bundaberg (R),d,43612
31900,Burdekin (S),d,12187
31950,Burke (S),d,51
60610,Burnie (C),d,6263
40700,Burnside (C),d,10081
11300,Burwood (A),d,668
51260,Busselton (C),d,2503
11350,Byron (A),d,4778
11400,Cabonne (A),d,566
32080,Cairns (R),d,65321
51310,Cambridge (T),d,2389
11450,Camden (A),d,6144
21370,Campaspe (S),d,3420
11500,Campbelltown (C) (NSW),d,20281
40910,Campbelltown (C) (SA),d,20281
11520,Canada Bay (A),d,10607
51330,Canning (C),d,7392
11570,Canterbury-Bankstown (A),d,42220
51400,Capel (S),d,2246
21450,Cardinia (S),d,10244
51470,Carnamah (S),d,600
51540,Carnarvon (S),d,3718
32250,Carpentaria (S),d,3409
11600,Carrathool (A),d,5
21610,Casey (C),d,34913
32260,Cassowary Coast (R),d,901
41010,Ceduna (DC),d,0
11650,Central Coast (C) (NSW),d,38497
60810,Central Coast (M) (Tas.),d,644
11700,Central Darling (A),d,0
70620,Central Desert (R),d,0
21670,Central Goldfields (S),d,4080
61010,Central Highlands (M) (Tas.),d,784
32270,Central Highlands (R) (Qld),d,15226
11720,Cessnock (C),d,3989
41060,Charles Sturt (C),d,1074
32310,Charters Towers (R),d,680
32330,Cherbourg (S),d,0
51680,Chittering (S),d,900
61210,Circular Head (M),d,2842
41140,Clare and Gilbert Valleys (DC),d,8
51750,Claremont (T),d,4399
61410,Clarence (C),d,17332
11730,Clarence Valley (A),d,6186
41190,Cleve (DC),d,0
32450,Cloncurry (S),d,2659
11750,Cobar (A),d,2
51820,Cockburn (C),d,7396
11800,Coffs Harbour (C),d,7735
21750,Colac-Otway (S),d,6016
51890,Collie (S),d,4942
41330,Coober Pedy (DC),d,0
32500,Cook (S),d,2801
12000,Coolamon (A),d,6
51960,Coolgardie (S),d,4008
70700,Coomalie (S),d,3628
12150,Coonamble (A),d,5
52030,Coorow (S),d,346
41560,Copper Coast (DC),d,5337
21830,Corangamite (S),d,306
52100,Corrigin (S),d,53
52170,Cottesloe (T),d,817
12350,Cowra (A),d,1155
32600,Croydon (S),d,95
52310,Cuballing (S),d,80
52380,Cue (S),d,302
12380,Cumberland (A),d,22368
52450,Cunderdin (S),d,2961
52520,Dalwallinu (S),d,1282
52590,Dandaragan (S),d,2225
52660,Dardanup (S),d,6758
21890,Darebin (C),d,22602
71000,Darwin (C),d,51283
52730,Denmark (S),d,4520
52800,Derby-West Kimberley (S),d,2887
61510,Derwent Valley (M),d,3838
61610,Devonport (C),d,2896
32750,Diamantina (S),d,0
52870,Donnybrook-Balingup (S),d,2377
32770,Doomadgee (S),d,185
61810,Dorset (M),d,2248
32810,Douglas (S),d,4867
52940,Dowerin (S),d,644
53010,Dumbleyung (S),d,862
53080,Dundas (S),d,910
12700,Dungog (A),d,169
71300,East Arnhem (R),d,1592
53150,East Fremantle (T),d,709
22110,East Gippsland (S),d,11067
53220,East Pilbara (S),d,4169
12730,Edward River (A),d,50
41750,Elliston (DC),d,5
53290,Esperance (S),d,8381
33100,Etheridge (S),d,246
12750,Eurobodalla (A),d,1138
53360,Exmouth (S),d,6035
12850,Fairfield (C),d,4827
12870,Federation (A),d,1
62010,Flinders (M) (Tas.),d,0
33200,Flinders (S) (Qld),d,3009
41830,Flinders Ranges (DC),d,2443
12900,Forbes (A),d,1584
41960,Franklin Harbour (DC),d,0
22170,Frankston (C),d,28495
33220,Fraser Coast (R),d,36380
53430,Fremantle (C),d,3637
22250,Gannawarra (S),d,280
42030,Gawler (T),d,3736
62210,George Town (M),d,24
12930,Georges River (A),d,18989
12950,Gilgandra (A),d,21
53570,Gingin (S),d,1284
33360,Gladstone (R),d,20840
62410,Glamorgan/Spring Bay (M),d,1876
13010,Glen Innes Severn (A),d,13
22410,Glenelg (S),d,5640
62610,Glenorchy (C),d,17035
53640,Gnowangerup (S),d,1123
33430,Gold Coast (C),d,99190
22490,Golden Plains (S),d,1564
53710,Goomalling (S),d,1464
33610,Goondiwindi (R),d,39
53780,Gosnells (C),d,8150
13310,Goulburn Mulwaree (A),d,8085
42110,Goyder (DC),d,0
42250,Grant (DC),d,63
22620,Greater Bendigo (C),d,27041
22670,Greater Dandenong (C),d,24742
22750,Greater Geelong (C),d,16503
53800,Greater Geraldton (C),d,21828
13340,Greater Hume Shire (A),d,85
22830,Greater Shepparton (C),d,15405
13450,Griffith (C),d,515
13510,Gundagai (A),d,24
13550,Gunnedah (A),d,161
13660,Gwydir (A),d,9
33620,Gympie (R),d,33205
53920,Halls Creek (S),d,2279
53990,Harvey (S),d,3183
13800,Hawkesbury (C),d,17337
13850,Hay (A),d,0
22910,Hepburn (S),d,2476
13910,Hilltops (A),d,9
33800,Hinchinbrook (S),d,6440
22980,Hindmarsh (S),d,122
62810,Hobart (C),d,1386
23110,Hobsons Bay (C),d,13593
42600,Holdfast Bay (C),d,2286
33830,Hope Vale (S),d,786
14000,Hornsby (A),d,8411
23190,Horsham (RC),d,9837
23270,Hume (C),d,21333
63010,Huon Valley (M),d,4776
23350,Indigo (S),d,2494
14170,Inner West (A),d,36292
14200,Inverell (A),d,396
33960,Ipswich (C),d,1597
54060,Irwin (S),d,1441
33980,Isaac (R),d,2591
54130,Jerramungup (S),d,1324
54170,Joondalup (C),d,14804
14300,Junee (A),d,370
54200,Kalamunda (S),d,7422
54280,Kalgoorlie/Boulder (C),d,12001
42750,Kangaroo Island (DC),d,0
43080,Karoonda East Murray (DC),d,326
54310,Karratha (C),d,10340
54340,Katanning (S),d,4175
72200,Katherine (T),d,8148
54410,Kellerberrin (S),d,1955
14350,Kempsey (A),d,1075
54480,Kent (S),d,185
63210,Kentish (M),d,1040
14400,Kiama (A),d,1174
43220,Kimba (DC),d,0
63410,King Island (M),d,1233
63610,Kingborough (M),d,8084
23430,Kingston (C) (Vic.),d,20390
43360,Kingston (DC) (SA),d,981
23670,Knox (C),d,22186
54550,Kojonup (S),d,1947
54620,Kondinin (S),d,875
54690,Koorda (S),d,440
34420,Kowanyama (S),d,284
54760,Kulin (S),d,999
14500,Ku-ring-gai (A),d,19886
54830,Kwinana (C),d,2732
14550,Kyogle (A),d,208
14600,Lachlan (A),d,12
54900,Lake Grace (S),d,1313
14650,Lake Macquarie (C),d,15748
14700,Lane Cove (A),d,4343
23810,Latrobe (C) (Vic.),d,17651
63810,Latrobe (M) (Tas.),d,364
64010,Launceston (C),d,23413
54970,Laverton (S),d,1139
14750,Leeton (A),d,139
55040,Leonora (S),d,887
43650,Light (RegC),d,101
14850,Lismore (C),d,13791
72300,Litchfield (M),d,10520
14870,Lithgow (C),d,577
14900,Liverpool (C),d,12736
14920,Liverpool Plains (A),d,0
34530,Livingstone (S),d,2245
14950,Lockhart (A),d,0
34570,Lockhart River (S),d,133
34580,Lockyer Valley (R),d,25846
23940,Loddon (S),d,214
34590,Logan (C),d,79847
34710,Longreach (R),d,0
43710,Lower Eyre Peninsula (DC),d,90
43790,Loxton Waikerie (DC),d,43
72330,MacDonnell (R),d,0
24130,Macedon Ranges (S),d,1458
34770,Mackay (R),d,47757
15050,Maitland (C),d,3052
43920,Mallala (DC),d,265
55110,Mandurah (C),d,7876
55180,Manjimup (S),d,8884
24210,Manningham (C),d,13750
24250,Mansfield (S),d,107
34830,Mapoon (S),d,204
44000,Maralinga Tjarutja (AC),d,0
34860,Maranoa (R),d,110
34880,Mareeba (S),d,10914
24330,Maribyrnong (C),d,11179
44060,Marion (C),d,7027
24410,Maroondah (C),d,17047
34800,McKinlay (S),d,1462
64210,Meander Valley (M),d,5822
55250,Meekatharra (S),d,0
24600,Melbourne (C),d,50131
24650,Melton (C),d,3586
55320,Melville (C),d,7854
55390,Menzies (S),d,611
55460,Merredin (S),d,2846
44210,Mid Murray (DC),d,1060
15240,Mid-Coast (A),d,7211
15270,Mid-Western Regional (A),d,175
24780,Mildura (RC),d,15841
55530,Mingenew (S),d,591
44340,Mitcham (C),d,19605
24850,Mitchell (S),d,4334
24900,Moira (S),d,2586
24970,Monash (C),d,45309
25060,Moonee Valley (C),d,12516
55600,Moora (S),d,3032
25150,Moorabool (S),d,651
55670,Morawa (S),d,1585
15300,Moree Plains (A),d,691
25250,Moreland (C),d,14935
35010,Moreton Bay (R),d,30011
35250,Mornington (S),d,312
25340,Mornington Peninsula (S),d,23289
15350,Mosman (A),d,4033
55740,Mosman Park (T),d,1305
25430,Mount Alexander (S),d,9899
44550,Mount Barker (DC),d,4284
44620,Mount Gambier (C),d,0
35300,Mount Isa (C),d,0
55810,Mount Magnet (S),d,1245
55880,Mount Marshall (S),d,518
44830,Mount Remarkable (DC),d,145
25490,Moyne (S),d,881
55950,Mukinbudin (S),d,335
56090,Mundaring (S),d,5963
56160,Murchison (S),d,191
56230,Murray (S),d,7433
45040,Murray Bridge (RC),d,4681
15520,Murray River (A),d,120
25620,Murrindindi (S),d,1602
15560,Murrumbidgee (A),d,0
35600,Murweh (S),d,5316
15650,Muswellbrook (A),d,609
15700,Nambucca (A),d,182
56300,Nannup (S),d,825
35670,Napranum (S),d,698
45090,Naracoorte and Lucindale (DC),d,174
56370,Narembeen (S),d,724
15750,Narrabri (A),d,590
15800,Narrandera (A),d,4
56460,Narrogin (S),d,6411
15850,Narromine (A),d,0
56580,Nedlands (C),d,5143
15900,Newcastle (C),d,30151
56620,Ngaanyatjarraku (S),d,55
25710,Nillumbik (S),d,8977
35740,Noosa (S),d,6825
35760,North Burnett (R),d,212
15950,North Sydney (A),d,13490
56730,Northam (S),d,7402
56790,Northampton (S),d,2470
45120,Northern Areas (DC),d,3598
15990,Northern Beaches (A),d,21609
25810,Northern Grampians (S),d,4455
64610,Northern Midlands (M),d,4146
35780,Northern Peninsula Area (R),d,0
45290,Norwood Payneham St Peters (C),d,4419
56860,Nungarin (S),d,1
16100,Oberon (A),d,225
45340,Onkaparinga (C),d,3692
16150,Orange (C),d,5208
45400,Orroroo/Carrieton (DC),d,792
35790,Palm Island (S),d,429
72800,Palmerston (C),d,12514
16200,Parkes (A),d,547
35800,Paroo (S),d,0
16260,Parramatta (C),d,22770
16350,Penrith (C),d,17877
56930,Peppermint Grove (S),d,149
57000,Perenjori (S),d,664
57080,Perth (C),d,621
45540,Peterborough (DC),d,637
57140,Pingelly (S),d,681
57210,Plantagenet (S),d,4551
45680,Playford (C),d,8858
36070,Pormpuraaw (S),d,178
45890,Port Adelaide Enfield (C),d,2191
46090,Port Augusta (C),d,6012
57280,Port Hedland (T),d,7273
46300,Port Lincoln (C),d,0
16380,Port Macquarie-Hastings (A),d,2269
25900,Port Phillip (C),d,5084
46450,Port Pirie City and Dists (M),d,3891
16400,Port Stephens (A),d,5483
46510,Prospect (C),d,508
25990,Pyrenees (S),d,1034
57350,Quairading (S),d,1250
16490,Queanbeyan-Palerang Regional (A),d,1563
26080,Queenscliffe (B),d,663
36150,Quilpie (S),d,0
16550,Randwick (C),d,39675
57420,Ravensthorpe (S),d,953
36250,Redland (C),d,43646
46670,Renmark Paringa (DC),d,3714
36300,Richmond (S),d,1050
16610,Richmond Valley (A),d,1231
46860,Robe (DC),d,94
16650,Rockdale (C),d,7862
36370,Rockhampton (R),d,5293
57490,Rockingham (C),d,12866
73600,Roper Gulf (R),d,1051
46970,Roxby Downs (M),d,0
16700,Ryde (C),d,33758
47140,Salisbury (C),d,845
57630,Sandstone (S),d,69
36510,Scenic Rim (R),d,19346
57700,Serpentine-Jarrahdale (S),d,1901
57770,Shark Bay (S),d,495
16900,Shellharbour (C),d,4352
16950,Shoalhaven (C),d,22896
17000,Singleton (A),d,649
17040,Snowy Monaro Regional (A),d,624
17080,Snowy Valleys (A),d,46
36580,Somerset (R),d,5855
64810,Sorell (M),d,2499
36630,South Burnett (R),d,9399
26170,South Gippsland (S),d,487
57840,South Perth (C),d,3993
36660,Southern Downs (R),d,15088
26260,Southern Grampians (S),d,121
47290,Southern Mallee (DC),d,1994
65010,Southern Midlands (M),d,2159
57910,Stirling (C),d,14838
26350,Stonnington (C),d,11488
26430,Strathbogie (S),d,1121
17100,Strathfield (A),d,668
47490,Streaky Bay (DC),d,0
57980,Subiaco (C),d,1919
36720,Sunshine Coast (R),d,35958
26490,Surf Coast (S),d,617
17150,Sutherland Shire (A),d,37458
58050,Swan (C),d,11413
26610,Swan Hill (RC),d,7625
17200,Sydney (C),d,27064
36820,Tablelands (R),d,12923
58190,Tammin (S),d,251
17310,Tamworth Regional (A),d,1691
65210,Tasman (M),d,1069
47630,Tatiara (DC),d,5117
47700,Tea Tree Gully (C),d,5298
17350,Temora (A),d,516
17400,Tenterfield (A),d,1173
47800,The Coorong (DC),d,2894
17420,The Hills Shire (A),d,7141
58260,Three Springs (S),d,780
74050,Tiwi Islands (R),d,582
58330,Toodyay (S),d,816
36910,Toowoomba (R),d,33268
36950,Torres (S),d,0
36960,Torres Strait Island (R),d,0
37010,Townsville (C),d,79841
26670,Towong (S),d,1946
58400,Trayning (S),d,556
47910,Tumby Bay (DC),d,14
17550,Tweed (A),d,2515
99399,Unincorp. Other Territories,d,58
89399,Unincorporated ACT,d,153538
19399,Unincorporated NSW,d,6
79399,Unincorporated NT,d,4850
49399,Unincorporated SA,d,425
29399,Unincorporated Vic,d,293
47980,Unley (C),d,10810
58470,Upper Gascoyne (S),d,0
17620,Upper Hunter Shire (A),d,6
17640,Upper Lachlan Shire (A),d,412
17650,Uralla (A),d,0
48050,Victor Harbor (C),d,0
74550,Victoria Daly (R),d,408
58510,Victoria Park (T),d,2676
58540,Victoria Plains (S),d,869
58570,Vincent (C),d,3031
74560,Wagait (S),d,84
17750,Wagga Wagga (C),d,17267
58610,Wagin (S),d,1586
48130,Wakefield (DC),d,1633
17850,Walcha (A),d,0
17900,Walgett (A),d,2
48260,Walkerville (M),d,2155
58680,Wandering (S),d,255
26700,Wangaratta (RC),d,10445
58760,Wanneroo (C),d,10845
65410,Waratah/Wynyard (M),d,1166
58820,Waroona (S),d,2800
17950,Warren (A),d,374
26730,Warrnambool (C),d,12853
18020,Warrumbungle Shire (A),d,2
48340,Wattle Range (DC),d,3587
18050,Waverley (A),d,9937
18100,Weddin (A),d,11
37300,Weipa (T),d,2712
26810,Wellington (S),d,5593
18200,Wentworth (A),d,900
74660,West Arnhem (R),d,1151
58890,West Arthur (S),d,759
65610,West Coast (M),d,1606
74680,West Daly (R),d,425
65810,West Tamar (M),d,3878
48410,West Torrens (C),d,1909
26890,West Wimmera (S),d,619
37310,Western Downs (R),d,1361
18230,Western Plains Regional (A),d,7464
59030,Westonia (S),d,0
26980,Whitehorse (C),d,27844
37340,Whitsunday (R),d,161
27070,Whittlesea (C),d,28147
48540,Whyalla (C),d,4811
59100,Wickepin (S),d,262
59170,Williams (S),d,1372
18250,Willoughby (C),d,5891
59250,Wiluna (S),d,0
18350,Wingecarribee (A),d,2553
37400,Winton (S),d,24
27170,Wodonga (C),d,13029
18400,Wollondilly (A),d,4207
18450,Wollongong (C),d,25425
59310,Wongan-Ballidu (S),d,2300
59320,Woodanilling (S),d,267
18500,Woollahra (A),d,8373
37550,Woorabinda (S),d,0
48640,Wudinna (DC),d,383
37570,Wujal Wujal (S),d,212
59330,Wyalkatchem (S),d,921
27260,Wyndham (C),d,16110
59340,Wyndham-East Kimberley (S),d,3596
59350,Yalgoo (S),d,293
48750,Yankalilla (DC),d,1567
27350,Yarra (C),d,9614
27450,Yarra Ranges (S),d,25329
37600,Yarrabah (S),d,662
27630,Yarriambiack (S),d,4142
18710,Yass Valley (A),d,150
59360,Yilgarn (S),d,2413
59370,York (S),d,"1,557"
48830,Yorke Peninsula (DC),d,"5,416"
40070,Adelaide (C),e,9032
40120,Adelaide Hills (DC),e,48
50080,Albany (C),e,6763
10050,Albury (C),e,3884
40220,Alexandrina (DC),e,738
70200,Alice Springs (T),e,2600
20110,Alpine (S),e,1632
40250,Anangu Pitjantjatjara (AC),e,0
20260,Ararat (RC),e,1676
50210,Armadale (C),e,1872
10130,Armidale Regional (A),e,42
50250,Ashburton (S),e,1066
50280,Augusta-Margaret River (S),e,4031
30250,Aurukun (S),e,37
20570,Ballarat (C),e,5992
10250,Ballina (A),e,4745
30300,Balonne (S),e,1706
10300,Balranald (A),e,45
30370,Banana (S),e,2906
20660,Banyule (C),e,3843
30410,Barcaldine (R),e,653
30450,Barcoo (S),e,30
70420,Barkly (R),e,1010
40310,Barossa (DC),e,1891
40430,Barunga West (DC),e,10
20740,Bass Coast (S),e,733
50350,Bassendean (T),e,985
10470,Bathurst Regional (A),e,3568
20830,Baw Baw (S),e,3147
20910,Bayside (C),e,4108
50420,Bayswater (C),e,1921
10550,Bega Valley (A),e,4160
10600,Bellingen (A),e,1814
50490,Belmont (C),e,469
70540,Belyuen (S),e,15
40520,Berri and Barmera (DC),e,2241
10650,Berrigan (A),e,430
50560,Beverley (S),e,393
30760,Blackall-Tambo (R),e,763
10750,Blacktown (C),e,13854
10800,Bland (A),e,322
10850,Blayney (A),e,65
10900,Blue Mountains (C),e,5929
50630,Boddington (S),e,953
10950,Bogan (A),e,970
21110,Boroondara (C),e,6018
11100,Botany Bay (C),e,1331
30900,Boulia (S),e,153
11150,Bourke (A),e,549
50770,Boyup Brook (S),e,264
60210,Break O'Day (M),e,824
11200,Brewarrina (A),e,204
60410,Brighton (M),e,1326
21180,Brimbank (C),e,3806
31000,Brisbane (C),e,54511
11250,Broken Hill (C),e,1572
50910,Brookton (S),e,200
50980,Broome (S),e,810
51080,Broomehill-Tambellup (S),e,141
51120,Bruce Rock (S),e,459
31750,Bulloo (S),e,116
21270,Buloke (S),e,1611
51190,Bunbury (C),e,1373
31820,Bundaberg (R),e,21524
31900,Burdekin (S),e,2222
31950,Burke (S),e,1
60610,Burnie (C),e,1569
40700,Burnside (C),e,105
11300,Burwood (A),e,612
51260,Busselton (C),e,1119
11350,Byron (A),e,3388
11400,Cabonne (A),e,1080
32080,Cairns (R),e,13378
51310,Cambridge (T),e,1129
11450,Camden (A),e,5112
21370,Campaspe (S),e,502
11500,Campbelltown (C) (NSW),e,5052
40910,Campbelltown (C) (SA),e,5052
11520,Canada Bay (A),e,3173
51330,Canning (C),e,2016
11570,Canterbury-Bankstown (A),e,10207
51400,Capel (S),e,663
21450,Cardinia (S),e,3629
51470,Carnamah (S),e,681
51540,Carnarvon (S),e,687
32250,Carpentaria (S),e,19
11600,Carrathool (A),e,101
21610,Casey (C),e,5201
32260,Cassowary Coast (R),e,4432
41010,Ceduna (DC),e,1912
11650,Central Coast (C) (NSW),e,54383
60810,Central Coast (M) (Tas.),e,2499
11700,Central Darling (A),e,226
70620,Central Desert (R),e,3
21670,Central Goldfields (S),e,2268
61010,Central Highlands (M) (Tas.),e,205
32270,Central Highlands (R) (Qld),e,1515
11720,Cessnock (C),e,4055
41060,Charles Sturt (C),e,3419
32310,Charters Towers (R),e,2621
32330,Cherbourg (S),e,152
51680,Chittering (S),e,574
61210,Circular Head (M),e,1371
41140,Clare and Gilbert Valleys (DC),e,2815
51750,Claremont (T),e,617
61410,Clarence (C),e,5150
11730,Clarence Valley (A),e,6734
41190,Cleve (DC),e,1611
32450,Cloncurry (S),e,0
11750,Cobar (A),e,691
51820,Cockburn (C),e,1690
11800,Coffs Harbour (C),e,10692
21750,Colac-Otway (S),e,2101
51890,Collie (S),e,1620
41330,Coober Pedy (DC),e,176
32500,Cook (S),e,631
12000,Coolamon (A),e,62
51960,Coolgardie (S),e,1446
70700,Coomalie (S),e,101
12150,Coonamble (A),e,5
52030,Coorow (S),e,416
41560,Copper Coast (DC),e,429
21830,Corangamite (S),e,611
52100,Corrigin (S),e,23
52170,Cottesloe (T),e,25
12350,Cowra (A),e,1922
32600,Croydon (S),e,11
52310,Cuballing (S),e,394
52380,Cue (S),e,428
12380,Cumberland (A),e,12541
52450,Cunderdin (S),e,411
52520,Dalwallinu (S),e,1099
52590,Dandaragan (S),e,2638
52660,Dardanup (S),e,189
21890,Darebin (C),e,4754
71000,Darwin (C),e,9357
52730,Denmark (S),e,3827
52800,Derby-West Kimberley (S),e,541
61510,Derwent Valley (M),e,888
61610,Devonport (C),e,3552
32750,Diamantina (S),e,227
52870,Donnybrook-Balingup (S),e,886
32770,Doomadgee (S),e,5
61810,Dorset (M),e,795
32810,Douglas (S),e,997
52940,Dowerin (S),e,929
53010,Dumbleyung (S),e,412
53080,Dundas (S),e,322
12700,Dungog (A),e,1054
71300,East Arnhem (R),e,593
53150,East Fremantle (T),e,71
22110,East Gippsland (S),e,4260
53220,East Pilbara (S),e,2547
12730,Edward River (A),e,2585
41750,Elliston (DC),e,642
53290,Esperance (S),e,3789
33100,Etheridge (S),e,26
12750,Eurobodalla (A),e,9997
53360,Exmouth (S),e,602
12850,Fairfield (C),e,10772
12870,Federation (A),e,24
62010,Flinders (M) (Tas.),e,0
33200,Flinders (S) (Qld),e,146
41830,Flinders Ranges (DC),e,0
12900,Forbes (A),e,1436
41960,Franklin Harbour (DC),e,761
22170,Frankston (C),e,4801
33220,Fraser Coast (R),e,6304
53430,Fremantle (C),e,1149
22250,Gannawarra (S),e,808
42030,Gawler (T),e,1460
62210,George Town (M),e,40
12930,Georges River (A),e,3502
12950,Gilgandra (A),e,645
53570,Gingin (S),e,3181
33360,Gladstone (R),e,7653
62410,Glamorgan/Spring Bay (M),e,732
13010,Glen Innes Severn (A),e,1792
22410,Glenelg (S),e,2424
62610,Glenorchy (C),e,2109
53640,Gnowangerup (S),e,793
33430,Gold Coast (C),e,38035
22490,Golden Plains (S),e,628
53710,Goomalling (S),e,296
33610,Goondiwindi (R),e,2440
53780,Gosnells (C),e,2069
13310,Goulburn Mulwaree (A),e,2968
42110,Goyder (DC),e,1786
42250,Grant (DC),e,1556
22620,Greater Bendigo (C),e,8449
22670,Greater Dandenong (C),e,5216
22750,Greater Geelong (C),e,13676
53800,Greater Geraldton (C),e,4493
13340,Greater Hume Shire (A),e,61
22830,Greater Shepparton (C),e,3113
13450,Griffith (C),e,2699
13510,Gundagai (A),e,1560
13550,Gunnedah (A),e,2472
13660,Gwydir (A),e,821
33620,Gympie (R),e,689
53920,Halls Creek (S),e,526
53990,Harvey (S),e,3753
13800,Hawkesbury (C),e,6102
13850,Hay (A),e,618
22910,Hepburn (S),e,915
13910,Hilltops (A),e,344
33800,Hinchinbrook (S),e,1235
22980,Hindmarsh (S),e,176
62810,Hobart (C),e,4268
23110,Hobsons Bay (C),e,5090
42600,Holdfast Bay (C),e,468
33830,Hope Vale (S),e,55
14000,Hornsby (A),e,5702
23190,Horsham (RC),e,1621
23270,Hume (C),e,4041
63010,Huon Valley (M),e,1283
23350,Indigo (S),e,879
14170,Inner West (A),e,6276
14200,Inverell (A),e,2412
33960,Ipswich (C),e,35055
54060,Irwin (S),e,1257
33980,Isaac (R),e,16610
54130,Jerramungup (S),e,742
54170,Joondalup (C),e,1928
14300,Junee (A),e,638
54200,Kalamunda (S),e,778
54280,Kalgoorlie/Boulder (C),e,2861
42750,Kangaroo Island (DC),e,359
43080,Karoonda East Murray (DC),e,5
54310,Karratha (C),e,2288
54340,Katanning (S),e,1063
72200,Katherine (T),e,1609
54410,Kellerberrin (S),e,523
14350,Kempsey (A),e,2961
54480,Kent (S),e,364
63210,Kentish (M),e,538
14400,Kiama (A),e,2714
43220,Kimba (DC),e,1008
63410,King Island (M),e,575
63610,Kingborough (M),e,1660
23430,Kingston (C) (Vic.),e,5808
43360,Kingston (DC) (SA),e,381
23670,Knox (C),e,6341
54550,Kojonup (S),e,537
54620,Kondinin (S),e,713
54690,Koorda (S),e,294
34420,Kowanyama (S),e,30
54760,Kulin (S),e,863
14500,Ku-ring-gai (A),e,2970
54830,Kwinana (C),e,580
14550,Kyogle (A),e,914
14600,Lachlan (A),e,42
54900,Lake Grace (S),e,730
14650,Lake Macquarie (C),e,28649
14700,Lane Cove (A),e,760
23810,Latrobe (C) (Vic.),e,5989
63810,Latrobe (M) (Tas.),e,201
64010,Launceston (C),e,4872
54970,Laverton (S),e,177
14750,Leeton (A),e,2075
55040,Leonora (S),e,307
43650,Light (RegC),e,1397
14850,Lismore (C),e,3755
72300,Litchfield (M),e,693
14870,Lithgow (C),e,1416
14900,Liverpool (C),e,12879
14920,Liverpool Plains (A),e,120
34530,Livingstone (S),e,1184
14950,Lockhart (A),e,127
34570,Lockhart River (S),e,14
34580,Lockyer Valley (R),e,9940
23940,Loddon (S),e,438
34590,Logan (C),e,8735
34710,Longreach (R),e,1521
43710,Lower Eyre Peninsula (DC),e,108
43790,Loxton Waikerie (DC),e,1543
72330,MacDonnell (R),e,0
24130,Macedon Ranges (S),e,755
34770,Mackay (R),e,16850
15050,Maitland (C),e,6170
43920,Mallala (DC),e,487
55110,Mandurah (C),e,2703
55180,Manjimup (S),e,3001
24210,Manningham (C),e,3309
24250,Mansfield (S),e,2079
34830,Mapoon (S),e,226
44000,Maralinga Tjarutja (AC),e,42
34860,Maranoa (R),e,3480
34880,Mareeba (S),e,2724
24330,Maribyrnong (C),e,3740
44060,Marion (C),e,4473
24410,Maroondah (C),e,4343
34800,McKinlay (S),e,177
64210,Meander Valley (M),e,2411
55250,Meekatharra (S),e,0
24600,Melbourne (C),e,17449
24650,Melton (C),e,882
55320,Melville (C),e,3126
55390,Menzies (S),e,883
55460,Merredin (S),e,1066
44210,Mid Murray (DC),e,235
15240,Mid-Coast (A),e,14647
15270,Mid-Western Regional (A),e,2368
24780,Mildura (RC),e,5176
55530,Mingenew (S),e,280
44340,Mitcham (C),e,0
24850,Mitchell (S),e,1522
24900,Moira (S),e,2559
24970,Monash (C),e,5350
25060,Moonee Valley (C),e,5154
55600,Moora (S),e,631
25150,Moorabool (S),e,779
55670,Morawa (S),e,299
15300,Moree Plains (A),e,1973
25250,Moreland (C),e,4967
35010,Moreton Bay (R),e,21993
35250,Mornington (S),e,34
25340,Mornington Peninsula (S),e,11271
15350,Mosman (A),e,3014
55740,Mosman Park (T),e,98
25430,Mount Alexander (S),e,586
44550,Mount Barker (DC),e,756
44620,Mount Gambier (C),e,83
35300,Mount Isa (C),e,0
55810,Mount Magnet (S),e,1326
55880,Mount Marshall (S),e,580
44830,Mount Remarkable (DC),e,384
25490,Moyne (S),e,673
55950,Mukinbudin (S),e,551
56090,Mundaring (S),e,881
56160,Murchison (S),e,90
56230,Murray (S),e,633
45040,Murray Bridge (RC),e,1614
15520,Murray River (A),e,2868
25620,Murrindindi (S),e,421
15560,Murrumbidgee (A),e,179
35600,Murweh (S),e,4100
15650,Muswellbrook (A),e,2146
15700,Nambucca (A),e,7786
56300,Nannup (S),e,923
35670,Napranum (S),e,773
45090,Naracoorte and Lucindale (DC),e,1851
56370,Narembeen (S),e,332
15750,Narrabri (A),e,2447
15800,Narrandera (A),e,28
56460,Narrogin (S),e,1543
15850,Narromine (A),e,770
56580,Nedlands (C),e,482
15900,Newcastle (C),e,18122
56620,Ngaanyatjarraku (S),e,104
25710,Nillumbik (S),e,2594
35740,Noosa (S),e,2244
35760,North Burnett (R),e,1851
15950,North Sydney (A),e,1302
56730,Northam (S),e,2089
56790,Northampton (S),e,1195
45120,Northern Areas (DC),e,1
15990,Northern Beaches (A),e,11970
25810,Northern Grampians (S),e,2841
64610,Northern Midlands (M),e,2214
35780,Northern Peninsula Area (R),e,0
45290,Norwood Payneham St Peters (C),e,364
56860,Nungarin (S),e,1
16100,Oberon (A),e,88
45340,Onkaparinga (C),e,4238
16150,Orange (C),e,4439
45400,Orroroo/Carrieton (DC),e,0
35790,Palm Island (S),e,1147
72800,Palmerston (C),e,837
16200,Parkes (A),e,1815
35800,Paroo (S),e,647
16260,Parramatta (C),e,10543
16350,Penrith (C),e,10683
56930,Peppermint Grove (S),e,2
57000,Perenjori (S),e,384
57080,Perth (C),e,333
45540,Peterborough (DC),e,0
57140,Pingelly (S),e,552
57210,Plantagenet (S),e,918
45680,Playford (C),e,6031
36070,Pormpuraaw (S),e,19
45890,Port Adelaide Enfield (C),e,5117
46090,Port Augusta (C),e,3317
57280,Port Hedland (T),e,1786
46300,Port Lincoln (C),e,1396
16380,Port Macquarie-Hastings (A),e,3751
25900,Port Phillip (C),e,7420
46450,Port Pirie City and Dists (M),e,0
16400,Port Stephens (A),e,20144
46510,Prospect (C),e,6
25990,Pyrenees (S),e,787
57350,Quairading (S),e,325
16490,Queanbeyan-Palerang Regional (A),e,1179
26080,Queenscliffe (B),e,1068
36150,Quilpie (S),e,393
16550,Randwick (C),e,7328
57420,Ravensthorpe (S),e,1279
36250,Redland (C),e,7216
46670,Renmark Paringa (DC),e,427
36300,Richmond (S),e,170
16610,Richmond Valley (A),e,3582
46860,Robe (DC),e,529
16650,Rockdale (C),e,3459
36370,Rockhampton (R),e,2792
57490,Rockingham (C),e,3281
73600,Roper Gulf (R),e,374
46970,Roxby Downs (M),e,0
16700,Ryde (C),e,3785
47140,Salisbury (C),e,3278
57630,Sandstone (S),e,732
36510,Scenic Rim (R),e,872
57700,Serpentine-Jarrahdale (S),e,2409
57770,Shark Bay (S),e,511
16900,Shellharbour (C),e,10822
16950,Shoalhaven (C),e,16698
17000,Singleton (A),e,1815
17040,Snowy Monaro Regional (A),e,1631
17080,Snowy Valleys (A),e,1028
36580,Somerset (R),e,11001
64810,Sorell (M),e,301
36630,South Burnett (R),e,2855
26170,South Gippsland (S),e,1206
57840,South Perth (C),e,659
36660,Southern Downs (R),e,544
26260,Southern Grampians (S),e,995
47290,Southern Mallee (DC),e,0
65010,Southern Midlands (M),e,377
57910,Stirling (C),e,5852
26350,Stonnington (C),e,4069
26430,Strathbogie (S),e,350
17100,Strathfield (A),e,752
47490,Streaky Bay (DC),e,1024
57980,Subiaco (C),e,354
36720,Sunshine Coast (R),e,11822
26490,Surf Coast (S),e,2198
17150,Sutherland Shire (A),e,9269
58050,Swan (C),e,2137
26610,Swan Hill (RC),e,4426
17200,Sydney (C),e,5748
36820,Tablelands (R),e,3226
58190,Tammin (S),e,216
17310,Tamworth Regional (A),e,4859
65210,Tasman (M),e,151
47630,Tatiara (DC),e,51
47700,Tea Tree Gully (C),e,1308
17350,Temora (A),e,1422
17400,Tenterfield (A),e,50
47800,The Coorong (DC),e,137
17420,The Hills Shire (A),e,6709
58260,Three Springs (S),e,273
74050,Tiwi Islands (R),e,217
58330,Toodyay (S),e,972
36910,Toowoomba (R),e,43299
36950,Torres (S),e,0
36960,Torres Strait Island (R),e,0
37010,Townsville (C),e,157253
26670,Towong (S),e,1077
58400,Trayning (S),e,239
47910,Tumby Bay (DC),e,817
17550,Tweed (A),e,21351
99399,Unincorp. Other Territories,e,50
89399,Unincorporated ACT,e,13908
19399,Unincorporated NSW,e,66
79399,Unincorporated NT,e,261
49399,Unincorporated SA,e,985
29399,Unincorporated Vic,e,227
47980,Unley (C),e,0
58470,Upper Gascoyne (S),e,0
17620,Upper Hunter Shire (A),e,4039
17640,Upper Lachlan Shire (A),e,1152
17650,Uralla (A),e,664
48050,Victor Harbor (C),e,2994
74550,Victoria Daly (R),e,156
58510,Victoria Park (T),e,884
58540,Victoria Plains (S),e,466
58570,Vincent (C),e,1161
74560,Wagait (S),e,31
17750,Wagga Wagga (C),e,6381
58610,Wagin (S),e,1088
48130,Wakefield (DC),e,497
17850,Walcha (A),e,314
17900,Walgett (A),e,1265
48260,Walkerville (M),e,30
58680,Wandering (S),e,207
26700,Wangaratta (RC),e,1737
58760,Wanneroo (C),e,849
65410,Waratah/Wynyard (M),e,928
58820,Waroona (S),e,420
17950,Warren (A),e,815
26730,Warrnambool (C),e,3216
18020,Warrumbungle Shire (A),e,930
48340,Wattle Range (DC),e,205
18050,Waverley (A),e,2208
18100,Weddin (A),e,16
37300,Weipa (T),e,3004
26810,Wellington (S),e,5218
18200,Wentworth (A),e,472
74660,West Arnhem (R),e,729
58890,West Arthur (S),e,344
65610,West Coast (M),e,471
74680,West Daly (R),e,162
65810,West Tamar (M),e,1119
48410,West Torrens (C),e,1123
26890,West Wimmera (S),e,345
37310,Western Downs (R),e,7520
18230,Western Plains Regional (A),e,8079
59030,Westonia (S),e,11
26980,Whitehorse (C),e,5626
37340,Whitsunday (R),e,12065
27070,Whittlesea (C),e,3947
48540,Whyalla (C),e,2173
59100,Wickepin (S),e,371
59170,Williams (S),e,45
18250,Willoughby (C),e,2186
59250,Wiluna (S),e,18
18350,Wingecarribee (A),e,3723
37400,Winton (S),e,448
27170,Wodonga (C),e,2173
18400,Wollondilly (A),e,2395
18450,Wollongong (C),e,15986
59310,Wongan-Ballidu (S),e,477
59320,Woodanilling (S),e,146
18500,Woollahra (A),e,4325
37550,Woorabinda (S),e,0
48640,Wudinna (DC),e,1195
37570,Wujal Wujal (S),e,15
59330,Wyalkatchem (S),e,281
27260,Wyndham (C),e,4047
59340,Wyndham-East Kimberley (S),e,691
59350,Yalgoo (S),e,752
48750,Yankalilla (DC),e,285
27350,Yarra (C),e,3115
27450,Yarra Ranges (S),e,5200
37600,Yarrabah (S),e,69
27630,Yarriambiack (S),e,1111
18710,Yass Valley (A),e,615
59360,Yilgarn (S),e,334
59370,York (S),e,"1,020"
48830,Yorke Peninsula (DC),e,"1,818"
